mariehamn-mariehamn,durres-durres,tirana-tirana,annaba-annaba,batna-batna,bechar-bechar,bejaia-bejaia,beskra-beskra,bordjbouarreridj-bordj bou arreridj,bordjelkiffan-bordj el kiffan,echcheliff-ech cheliff,elboulaida-el boulaida,algiers-algiers,eldjelfa-el djelfa,eleulma-el eulma,elwad-el wad,ghardaia-ghardaia,ghilizane-ghilizane,guelma-guelma,jijel-jijel,lemdiyya-lemdiyya,mestghanem-mestghanem,m'sila-m'sila,qacentina-qacentina,saida-saida,sidi,bel,abbes-sidi,bel,abbes,skikda-skikda,souqahras-souq ahras,stif-stif,tbessa-tbessa,tihert-tihert,tilimsen-tilimsen,touggourt-touggourt,wahran-wahran,wargla-wargla,pagopago-pago pago,andorralavella-andorra la vella,thevalley-the valley,st.john-st. john,bahiablanca,cerri-bahia blanca,cerri,buenosaires-buenos aires,catamarca-catamarca,comodororivadavia,radatilly-comodoro rivadavia,rada tilly,concordia-concordia,cordoba-cordoba,corrientes-corrientes,formosa-formosa,laplata-la plata,larioja-la rioja,sanluis,elchorrillo-san luis , el chorrillo,mardelplata,batan-mar del plata,batan,mendoza-mendoza,neuquen,plottier-neuquen,plottier,parana-parana,posadas-posadas,puertoiguazu-puerto iguazu,resistencia-resistencia,riocuarto-rio cuarto,rosario-rosario,salta-salta,sanjuan-san juan,sanmartindelosandes-san martin de los andes,sansalvadordejujuy,palpala-san salvador de jujuy,palpala,santafe-santa fe,santarosa,toay-santa rosa,toay,santiagodelestero,labanda-santiago del estero,la banda,tucuman,tafiviejo-tucuman,tafi viejo,ushuaia,riogrande-ushuaia,rio grande,rawson,trelew,playaunion-rawson,trelew,playa union,sannicolas,villaconstitucion-san nicolas,villa constitucion,avellaneda-avellaneda,generalsanmartin-general san martin,lamatanza-la matanza,lanus-lanus,lomasdezamora-lomas de zamora,moron-moron,quilmes-quilmes,sanfernando-san fernando,sanisidro-san isidro,sanmigueldetucuman-san miguel de tucuman,vicentelopez-vicente lopez,gyumri-gyumri,yerevan-yerevan,vanadzoz-vanadzoz,oranjestad-oranjestad,adelaide-adelaide,brisbane-brisbane,cairns-cairns,canberra,queanbeyan-canberra,queanbeyan,centralcoast-central coast,darwin-darwin,geelong-geelong,goldcoast,tweedheads-gold coast,tweed heads,greateradelaide-greater adelaide,greaterbrisbane-greater brisbane,greaterdarwin-greater darwin,greaterhobart-greater hobart,greatermelbourne-greater melbourne,greaterperth-greater perth,greatersydney-greater sydney,hobart-hobart,melbourne-melbourne,newcastle,maitland-newcastle,maitland,perth-perth,sunshinecoast-sunshine coast,sydney-sydney,toowoomba-toowoomba,townsville-townsville,wollongong-wollongong,canberra-canberra,greaterwollongong-greater wollongong,newcastle-newcastle,albury,wodonga-albury,wodonga,launceston-launceston,goldcoast-gold coast,bregenz-bregenz,eisenstadt-eisenstadt,graz-graz,innsbruck-innsbruck,klagenfurt-klagenfurt,linz-linz,salzburg-salzburg,sanktpolten-sankt polten,wien-wien,baku-baku,ganja-ganja,sumgayit-sumgayit,nassau-nassau,manama-manama,barisal-barisal,bogra-bogra,brahmanbaria-brahmanbaria,chittagong-chittagong,comilla-comilla,dhaka-dhaka,dinajpur-dinajpur,gazipur-gazipur,jamalpur-jamalpur,jessore-jessore,kadamrasul-kadamrasul,khulna-khulna,mymensingh-mymensingh,naogaon-naogaon,narayanganj-narayanganj,narsingdi-narsingdi,nawabganj-nawabganj,pabna-pabna,rajshahi-rajshahi,rangpur-rangpur,saidpur-saidpur,sirajganj-sirajganj,tangail-tangail,tongi-tongi,bridgetown-bridgetown,baranovichi-baranovichi,bobruisk-bobruisk,borisov-borisov,brest-brest,gomel-gomel,grodno-grodno,minsk-minsk,mogilev-mogilev,mozir-mozir,novopolotsk-novopolotsk,orsha-orsha,pinsk-pinsk,soligorsk-soligorsk,vitebsk-vitebsk,lida-lida,anderlecht-anderlecht,antwerpen-antwerpen,brugge-brugge,bruxelles-bruxelles,charleroi-charleroi,gent-gent,liege-liege,namur-namur,schaerbeek-schaerbeek,hamilton-hamilton,townofst.george-town of st. george,thimphu-thimphu,cochabamba-cochabamba,elalto-el alto,lapaz-la paz,oruro-oruro,potosi-potosi,santacruz-santa cruz,sucre-sucre,tarija-tarija,banjaluka-banja luka,doboj-doboj,mostar-mostar,prijedor-prijedor,sarajevo-sarajevo,tuzla-tuzla,zenica-zenica,francistown-francistown,gaborone-gaborone,abaeteluba-abaeteluba,acailandia-acailandia,aguaslindasdegoias-aguas lindas de goias,alagoinhas-alagoinhas,almirantetamandare-almirante tamandare,alvorada-alvorada,americana-americana,ananindeua-ananindeua,anapolis-anapolis,angradosreis-angra dos reis,aparecidadegoiania-aparecida de goiania,apucarana-apucarana,aracaju-aracaju,aracatuba-aracatuba,araguaina-araguaina,araguario-araguario,arapiraca-arapiraca,arapongas-arapongas,araraquara-araraquara,araras-araras,araruama-araruama,araucaria-araucaria,atibaia-atibaia,bacabal-bacabal,bage-bage,balneariocamboriu-balneario camboriu,barbacena-barbacena,barramansa-barra mansa,barreiras-barreiras,barretos-barretos,barueri-barueri,bauru-bauru,belem-belem,belfordroxo-belford roxo,belohorizonte-belo horizonte,bentogoncalves-bento goncalves,betim-betim,birigui-birigui,blumenou-blumenou,boavista-boa vista,botucatu-botucatu,braganca-braganca,bragancapaulista-braganca paulista,brasilia-brasilia,brusque-brusque,cabodesantoagostinho-cabo de santo agostinho,cabofrio-cabo frio,cachoeirinha-cachoeirinha,cachoeirodeitapemirim-cachoeiro de itapemirim,camacari-camacari,camaragibe-camaragibe,cameta-cameta,campinagrande-campina grande,campinas-campinas,campogrande-campo grande,campolargo-campo largo,camposdosgoytacazes-campos dos goytacazes,canoas-canoas,carapicuiba-carapicuiba,caraguatatuba-caraguatatuba,cariacica-cariacica,caruaru-caruaru,cascavel-cascavel,castanhal-castanhal,catanduva-catanduva,caucaia-caucaia,caxias-caxias,caxiasdosul-caxias do sul,chapeco-chapeco,codo-codo,colatina-colatina,colombo-colombo,conselheirolafaiete-conselheiro lafaiete,contagem-contagem,coronelfabriciano-coronel fabriciano,corumba-corumba,cotia-cotia,crato-crato,criciuma-criciuma,cubatao-cubatao,cuiaba-cuiaba,curitiba-curitiba,diadema-diadema,divinopolis-divinopolis,dourados-dourados,duquedecaxias-duque de caxias,embu-embu,eunapolis-eunapolis,feiradesantana-feira de santana,ferrazdevasconcelos-ferraz de vasconcelos,florianopolis-florianopolis,fortaleza-fortaleza,fozdoiguacu-foz do iguacu,franca-franca,franciscomorato-francisco morato,francodarocha-franco da rocha,garanhuns-garanhuns,goiania-goiania,governadorvaladares-governador valadares,gravatai-gravatai,guarapari-guarapari,guarapuava-guarapuava,guaratingueta-guaratingueta,guaruja-guaruja,guarulhos-guarulhos,hortolandia-hortolandia,ibirite-ibirite,igarassu-igarassu,ilheus-ilheus,imperatriz-imperatriz,indaiatuba-indaiatuba,ipatinga-ipatinga,itabirai-itabirai,itaborai-itaborai,itabuna-itabuna,itaguai-itaguai,itajai-itajai,itapecericadaserra-itapecerica da serra,itapetininga-itapetininga,itapevi-itapevi,itapipoca-itapipoca,itaquaquecetuba-itaquaquecetuba,itatiba-itatiba,itu-itu,jaboataodosguarapes-jaboatao dos guarapes,jacarei-jacarei,jandira-jandira,jaraguadosul-jaragua do sul,jau-jau,jequie-jequie,ji,parana-ji,parana,joaopessoa-joao pessoa,joinville-joinville,juazeiro-juazeiro,juazeirodonorte-juazeiro do norte,juizdefora-juiz de fora,jundiai-jundiai,lages-lages,laurodefreitas-lauro de freitas,limeira-limeira,linhares-linhares,londrina-londrina,luziania-luziania,macae-macae,macapa-macapa,maceio-maceio,mage-mage,manaus-manaus,maraba-maraba,maracanau-maracanau,maranguape-maranguape,marica-marica,marilia-marilia,maringa-maringa,marituba-marituba,maua-maua,mesquita-mesquita,mojidascruzes-moji das cruzes,moji,guacu-moji,guacu,montesclaros-montes claros,mossoro-mossoro,muriae-muriae,natal-natal,nilopolis-nilopolis,niteroi-niteroi,nossasenhoradosocorro-nossa senhora do socorro,novafriburgo-nova friburgo,novaiguacu-nova iguacu,novohamburgo-novo hamburgo,olinda-olinda,osasco-osasco,ourinhos-ourinhos,pacodolumiar-paco do lumiar,palhoca-palhoca,palmas-palmas,paranagua-paranagua,parauapebas-parauapebas,parintins-parintins,parnaiba-parnaiba,parnamirim-parnamirim,passofundo-passo fundo,passos-passos,patos-patos,patosdeminas-patos de minas,paulista-paulista,pauloafonso-paulo afonso,pelotas-pelotas,petrolina-petrolina,petropolis-petropolis,pindamonhangaba-pindamonhangaba,pinhais-pinhais,piracicaba-piracicaba,poa-poa,pocosdecaldas-pocos de caldas,pontagrossa-ponta grossa,portoalegre-porto alegre,portoseguro-porto seguro,portovelho-porto velho,pousoalegre-pouso alegre,praiagrande-praia grande,presidenteprudente-presidente prudente,queimados-queimados,recife-recife,resende-resende,ribeiraodasneves-ribeirao das neves,ribeiraopires-ribeirao pires,ribeiraopreto-ribeirao preto,riobranco-rio branco,rioclaro-rio claro,riodasostras-rio das ostras,riodejaneiro-rio de janeiro,riogrande-rio grande,rioverde-rio verde,rondonopolis-rondonopolis,sabara-sabara,salto-salto,salvador-salvador,santabarbarad'oeste-santa barbara d'oeste,santacruzdosul-santa cruz do sul,santaluzia-santa luzia,santamaria-santa maria,santarita-santa rita,santana-santana,santanadeparnaiba-santana de parnaiba,santarem-santarem,santoandre-santo andre,santos-santos,saobernardodocampo-sao bernardo do campo,saocaetanodosul-sao caetano do sul,saocarlo-sao carlo,saogoncalo-sao goncalo,saojoaodemeriti-sao joao de meriti,saojose-sao jose,saojosederibamar-sao jose de ribamar,saojosedoriopreto-sao jose do rio preto,saojosedoscampos-sao jose dos campos,saojosedospinhais-sao jose dos pinhais,saoleopoldo-sao leopoldo,saolourencodamata-sao lourenco da mata,saoluis-sao luis,saomateus-sao mateus,saopaulo-sao paulo,saovicente-sao vicente,sapucaiadosul-sapucaia do sul,serra-serra,sertaozinho-sertaozinho,setelagoas-sete lagoas,simoesfilho-simoes filho,sinop-sinop,sobral-sobral,sorocaba-sorocaba,sumare-sumare,susano-susano,taboaodaserra-taboao da serra,tatui-tatui,taubate-taubate,teixeiradefreitas-teixeira de freitas,teofilootoni-teofilo otoni,teresina-teresina,teresopolis-teresopolis,timon-timon,toledo-toledo,treslagoas-tres lagoas,trindade-trindade,uba-uba,uberaba-uberaba,uberlandia-uberlandia,umuarama-umuarama,uruguaiana-uruguaiana,valinhos-valinhos,valparaisodegoias-valparaiso de goias,varginha-varginha,varzeagrande-varzea grande,varzeapaulista-varzea paulista,vespasiano-vespasiano,viamao-viamao,vilavelha-vila velha,vitoria-vitoria,vitoriadaconquista-vitoria da conquista,vitoriadesantoantao-vitoria de santo antao,voltaredonda-volta redonda,votorantim-votorantim,roadtown-road town,bandarseribegawan-bandar seri begawan,burgas-burgas,pleven-pleven,plovdiv-plovdiv,ruse-ruse,sofia-sofia,starazagora-stara zagora,varna-varna,banfora-banfora,bobodioulasso-bobo dioulasso,dedougou-dedougou,dori-dori,fadan'gourma-fada n'gourma,gorom,gorom-gorom,gorom,kaya-kaya,koudougou-koudougou,ouagadougou-ouagadougou,ouahigouya-ouahigouya,pouytenga-pouytenga,solenzo-solenzo,tenkodogo-tenkodogo,bujumbura-bujumbura,praia-praia,bafoussam-bafoussam,bamenda-bamenda,bertoua-bertoua,douala-douala,edea-edea,garoua-garoua,kousseri-kousseri,kumba-kumba,maroua-maroua,ngaoundere-ngaoundere,nkongsamba-nkongsamba,yaounde-yaounde,brampton-brampton,burlington-burlington,burnaby-burnaby,calgary-calgary,edmonton-edmonton,gatineau-gatineau,greatersudbury,grandsudbury-greater sudbury , grand sudbury,halifax-halifax,hamilton-hamilton,kitchener,cambridge,waterloo-kitchener,cambridge,waterloo,laval-laval,london-london,longueuil-longueuil,markham-markham,mississauga-mississauga,montreal-montreal,oakville-oakville,ottawa-ottawa,ottawa,gatineau-ottawa , gatineau,quebec-quebec,regina-regina,richmond-richmond,richmondhill-richmond hill,saskatoon-saskatoon,sherbrooke-sherbrooke,surrey-surrey,toronto-toronto,vancouver-vancouver,vaughan-vaughan,windsor-windsor,winnipeg-winnipeg,abbotsford,mission-abbotsford,mission,barrie-barrie,brantford-brantford,guelph-guelph,kelowna-kelowna,kingston-kingston,moncton-moncton,oshawa-oshawa,peterborough-peterborough,saguenay-saguenay,saintjohn-saint john,stcatharines,niagara-st catharines,niagara,st.john's-st. john's,thunderbay-thunder bay,trois,rivieres-trois,rivieres,victoria-victoria,cambridge-cambridge,capebreton-cape breton,chatham,kent-chatham,kent,coquitlam-coquitlam,levisv-levis v,saanich-saanich,whitby-whitby,georgetown-george town,bangui-bangui,n'djamena-n'djamena,altohospicio-alto hospicio,antofagasta-antofagasta,arica-arica,calama-calama,chiguallante-chiguallante,chillan-chillan,concepcion-concepcion,coronel-coronel,copiapo-copiapo,coquimbo-coquimbo,curico-curico,iquique-iquique,laserena-la serena,losangeles-los angeles,osorno-osorno,puentealto-puente alto,puertomontt-puerto montt,puntaarenas-punta arenas,quilpue-quilpue,rancagua-rancagua,sanbernardo-san bernardo,sanpedrodelapaz-san pedro de la paz,santiago-santiago,talca-talca,talcahuano-talcahuano,temuco-temuco,valdivia-valdivia,valparaiso-valparaiso,villaalemana-villa alemana,vinadelmar-vina del mar,acheng-acheng,akeshu-akeshu,aletai-aletai,anda-anda,anguo-anguo,ankang-ankang,anlu-anlu,anning-anning,anqing-anqing,anqiu-anqiu,anshan-anshan,anshun-anshun,anyang-anyang,atushi-atushi,baicheng-baicheng,baise-baise,baishan-baishan,baiyin-baiyin,baoding-baoding,baoji-baoji,baoshan-baoshan,baotou-baotou,bazhong-bazhong,bazhou-bazhou,bei'an-bei'an,beihai-beihai,beijing-beijing,beiliu-beiliu,beining-beining,beipiao-beipiao,bengbu-bengbu,benxi-benxi,bijie-bijie,binzhou-binzhou,bole-bole,botou-botou,bozhou-bozhou,cangzhou-cangzhou,cenxi-cenxi,changchun-changchun,changde-changde,changge-changge,changji-changji,changle-changle,changning-changning,changsha-changsha,changshu-changshu,changyi-changyi,changzhi-changzhi,changzhou-changzhou,chaohu-chaohu,chaoyang-chaoyang,chaoyang-chaoyang,chaozhou-chaozhou,chengde-chengde,chengdu-chengdu,chenghai-chenghai,chenzhou-chenzhou,chibi-chibi,chifeng-chifeng,chishui-chishui,chizhou-chizhou,chongqing-chongqing,chongzhou-chongzhou,chuxiong-chuxiong,chuzhou-chuzhou,cixi-cixi,conghua-conghua,da'an-da'an,dafeng-dafeng,dali-dali,dalian-dalian,dandong-dandong,dangyang-dangyang,danjiangkou-danjiangkou,danyang-danyang,danzhou-danzhou,daqing-daqing,dashiqiao-dashiqiao,datong-datong,daye-daye,dazhou-dazhou,dehui-dehui,dengfeng-dengfeng,dengta-dengta,dengzhou-dengzhou,dexing-dexing,deyang-deyang,dezhou-dezhou,dingzhou-dingzhou,dongfang-dongfang,donggang-donggang,dongguan-dongguan,dongsheng-dongsheng,dongtai-dongtai,dongxing-dongxing,dongyang-dongyang,dongying-dongying,dujiangyan-dujiangyan,dunhua-dunhua,dunhuang-dunhuang,duyun-duyun,emeishan-emeishan,enping-enping,enshi-enshi,ezhou-ezhou,fangchenggang-fangchenggang,feicheng-feicheng,fengnan-fengnan,fengcheng-fengcheng,fengcheng-fengcheng,fenghua-fenghua,fengzhen-fengzhen,fenyang-fenyang,foshan-foshan,fu'an-fu'an,fuding-fuding,fujin-fujin,fukang-fukang,fuqing-fuqing,fuquan-fuquan,fushun-fushun,fuxin-fuxin,fuyang-fuyang,fuyang-fuyang,fuzhou-fuzhou,fuzhou-fuzhou,gaizhou-gaizhou,ganzhou-ganzhou,gaoan-gaoan,gaobeidian-gaobeidian,gaocheng-gaocheng,gaomi-gaomi,gaoming-gaoming,gaoping-gaoping,gaoyao-gaoyao,gaoyou-gaoyou,gaozhou-gaozhou,geermu-geermu,gejiu-gejiu,genhe-genhe,gongyi-gongyi,gongzhuling-gongzhuling,guangan-guangan,guanghan-guanghan,guangshui-guangshui,guangyuan-guangyuan,guangzhou-guangzhou,guigang-guigang,guilin-guilin,guiping-guiping,guixi-guixi,guiyang-guiyang,gujiao-gujiao,haerbin-haerbin,haicheng-haicheng,haikou-haikou,hailaer-hailaer,hailin-hailin,hailun-hailun,haimen-haimen,haining-haining,haiyang-haiyang,hami-hami,hancheng-hancheng,hanchuan-hanchuan,handan-handan,hangzhou-hangzhou,hanzhong-hanzhong,hebi-hebi,hechi-hechi,hechuan-hechuan,hefei-hefei,hegang-hegang,heihe-heihe,hejian-hejian,hejin-hejin,helong-helong,hengshui-hengshui,hengyang-hengyang,heshan-heshan,heshan-heshan,hetian-hetian,heyuan-heyuan,heze-heze,hezhou-hezhou,honghu-honghu,hongjiang-hongjiang,houma-houma,huadian-huadian,huaian-huaian,huaibei-huaibei,huaihua-huaihua,huainan-huainan,huaiyin-huaiyin,huanggang-huanggang,huanghua-huanghua,huangshan-huangshan,huangshi-huangshi,huayin-huayin,huaying-huaying,huazhou-huazhou,huhehaote-huhehaote,huixian-huixian,huiyang-huiyang,huizhou-huizhou,hulin-hulin,huludao-huludao,hunchun-hunchun,huozhou-huozhou,huzhou-huzhou,jiamusi-jiamusi,ji'an-ji'an,jian-jian,jiande-jiande,jiangdu-jiangdu,jiangjin-jiangjin,jiangmen-jiangmen,jiangshan-jiangshan,jiangyan-jiangyan,jiangyin-jiangyin,jiangyou-jiangyou,jianou-jianou,jianyang-jianyang,jianyang-jianyang,jiaohe-jiaohe,jiaonan-jiaonan,jiaozhou-jiaozhou,jiaozuo-jiaozuo,jiaxing-jiaxing,jiayuguan-jiayuguan,jieshou-jieshou,jiexiu-jiexiu,jieyang-jieyang,jilin-jilin,jimo-jimo,jinan-jinan,jinchang-jinchang,jincheng-jincheng,jingdezhen-jingdezhen,jinggangshan-jinggangshan,jinghong-jinghong,jingjiang-jingjiang,jingmen-jingmen,jingzhou-jingzhou,jinhua-jinhua,jining-jining,jining-jining,jinjiang-jinjiang,jinshi-jinshi,jintan-jintan,jinzhong-jinzhong,jinzhou-jinzhou,jinzhou-jinzhou,jishou-jishou,jiujiang-jiujiang,jiuquan-jiuquan,jiutai-jiutai,jixi-jixi,jiyuan-jiyuan,jizhou-jizhou,jurong-jurong,kaifeng-kaifeng,kaili-kaili,kaiping-kaiping,kaiyuan-kaiyuan,kaiyuan-kaiyuan,kashi-kashi,kelamayi-kelamayi,kuerle-kuerle,kuitun-kuitun,kunming-kunming,kunshan-kunshan,laiwu-laiwu,laixi-laixi,laiyang-laiyang,laizhou-laizhou,langfang-langfang,langzhong-langzhong,lanxi-lanxi,lanzhou-lanzhou,laohekou-laohekou,lasa-lasa,lechang-lechang,leiyang-leiyang,leizhou-leizhou,leling-leling,lengshuijiang-lengshuijiang,leping-leping,leqing-leqing,leshan-leshan,lianjiang-lianjiang,lianyuan-lianyuan,lianyungang-lianyungang,lianzhou-lianzhou,liaocheng-liaocheng,liaoyang-liaoyang,liaoyuan-liaoyuan,lichuan-lichuan,liling-liling,linan-linan,linfen-linfen,lingbao-lingbao,linghai-linghai,lingwu-lingwu,lingyuan-lingyuan,linhai-linhai,linhe-linhe,linjiang-linjiang,linqing-linqing,linxia-linxia,linxiang-linxiang,linyi-linyi,linzhou-linzhou,lishi-lishi,lishui-lishui,lu'an-lu'an,liupanshui-liupanshui,liuyang-liuyang,liuzhou-liuzhou,liyang-liyang,longhai-longhai,longjing-longjing,longkou-longkou,longquan-longquan,longyan-longyan,loudi-loudi,lucheng-lucheng,lufeng-lufeng,luoding-luoding,luohe-luohe,luoyang-luoyang,luquan-luquan,luxi-luxi,luzhou-luzhou,ma'anshan-ma'anshan,macheng-macheng,manzhouli-manzhouli,maoming-maoming,meihekou-meihekou,meishan-meishan,meizhou-meizhou,mianyang-mianyang,mianzhu-mianzhu,miluo-miluo,mingguang-mingguang,miquan-miquan,mishan-mishan,mudanjiang-mudanjiang,muling-muling,nanan-nanan,nanchang-nanchang,nanchong-nanchong,nanchuan-nanchuan,nangong-nangong,nanhai-nanhai,nanjing-nanjing,nankang-nankang,nanning-nanning,nanping-nanping,nantong-nantong,nanxiong-nanxiong,nanyang-nanyang,nehe-nehe,neijiang-neijiang,ningan-ningan,ningbo-ningbo,ningde-ningde,ningguo-ningguo,panjin-panjin,panshi-panshi,panzhihua-panzhihua,penglai-penglai,pengzhou-pengzhou,pingdingshan-pingdingshan,pingdu-pingdu,pinghu-pinghu,pingliang-pingliang,pingxiang-pingxiang,pingxiang-pingxiang,pizhou-pizhou,pulandian-pulandian,puning-puning,putian-putian,puyang-puyang,qianan-qianan,qianjiang-qianjiang,qidong-qidong,qingdao-qingdao,qingtongxia-qingtongxia,qingyuan-qingyuan,qingzhen-qingzhen,qingzhou-qingzhou,qinhuangdao-qinhuangdao,qinyang-qinyang,qinzhou-qinzhou,qionghai-qionghai,qionglai-qionglai,qiongshan-qiongshan,qiqihaer-qiqihaer,qitaihe-qitaihe,qixia-qixia,quanzhou-quanzhou,qufu-qufu,qujing-qujing,quzhou-quzhou,renhuai-renhuai,renqiu-renqiu,rizhao-rizhao,rongcheng-rongcheng,rugao-rugao,ruian-ruian,ruichang-ruichang,ruijin-ruijin,ruili-ruili,rushan-rushan,ruzhou-ruzhou,sanhe-sanhe,sanmenxia-sanmenxia,sanming-sanming,sanshui-sanshui,sanya-sanya,shahe-shahe,shanghai-shanghai,shangqiu-shangqiu,shangrao-shangrao,shangyu-shangyu,shangzhi-shangzhi,shangzhou-shangzhou,shantou-shantou,shanwei-shanwei,shaoguan-shaoguan,shaowu-shaowu,shaoxing-shaoxing,shaoyang-shaoyang,shengzhou-shengzhou,shenyang-shenyang,shenzhen-shenzhen,shenzhou-shenzhou,shifang-shifang,shihezi-shihezi,shijiazhuang-shijiazhuang,shishi-shishi,shishou-shishou,shiyan-shiyan,shizuishan-shizuishan,shouguang-shouguang,shuangcheng-shuangcheng,shuangliao-shuangliao,shuangyashan-shuangyashan,shulan-shulan,shunde-shunde,shuozhou-shuozhou,sihui-sihui,simao-simao,siping-siping,songyuan-songyuan,songzi-songzi,suihua-suihua,suining-suining,suizhou-suizhou,suqian-suqian,suzhou-suzhou,suzhou-suzhou,tacheng-tacheng,tai'an-tai'an,taicang-taicang,taishan-taishan,taixing-taixing,taiyuan-taiyuan,taizhou-taizhou,taizhou-taizhou,tangshan-tangshan,taonan-taonan,tengzhou-tengzhou,tianchang-tianchang,tianjin-tianjin,tianmen-tianmen,tianshui-tianshui,tiefa-tiefa,tieli-tieli,tieling-tieling,tongcheng-tongcheng,tongchuan-tongchuan,tonghua-tonghua,tongjiang-tongjiang,tongliao-tongliao,tongling-tongling,tongren-tongren,tongshi-tongshi,tongxiang-tongxiang,tongzhou-tongzhou,tulufan-tulufan,tumen-tumen,urumqi-urumqi,wafangdian-wafangdian,wanning-wanning,wanyuan-wanyuan,weifang-weifang,weihai-weihai,weihui-weihui,weinan-weinan,wenchang-wenchang,wendeng-wendeng,wenling-wenling,wenzhou-wenzhou,wuan-wuan,wuchang-wuchang,wuchuan-wuchuan,wudalianchi-wudalianchi,wugang-wugang,wugang-wugang,wuhai-wuhai,wuhan-wuhan,wuhu-wuhu,wujiang-wujiang,wujin-wujin,wulanhaote-wulanhaote,wusu-wusu,wuwei-wuwei,wuxi-wuxi,wuxian-wuxian,wuxue-wuxue,wuyishan-wuyishan,wuzhong-wuzhong,wuzhou-wuzhou,xiamen-xiamen,xi'an-xi'an,xiangcheng-xiangcheng,xiangfan-xiangfan,xiangtan-xiangtan,xiangxiang-xiangxiang,xianning-xianning,xiantao-xiantao,xianyang-xianyang,xiaogan-xiaogan,xiaoshan-xiaoshan,xiaoyi-xiaoyi,xichang-xichang,xifeng-xifeng,xilinhaote-xilinhaote,xingcheng-xingcheng,xinghua-xinghua,xingning-xingning,xingping-xingping,xingtai-xingtai,xingyang-xingyang,xingyi-xingyi,xinhui-xinhui,xining-xining,xinji-xinji,xinle-xinle,xinmi-xinmi,xinmin-xinmin,xintai-xintai,xinxiang-xinxiang,xinyang-xinyang,xinyi-xinyi,xinyi-xinyi,xinyu-xinyu,xinzheng-xinzheng,xinzhou-xinzhou,xishan-xishan,xuancheng-xuancheng,xuanwei-xuanwei,xuchang-xuchang,xuzhou-xuzhou,ya'an-ya'an,yakeshi-yakeshi,yan'an-yan'an,yancheng-yancheng,yangchun-yangchun,yangjiang-yangjiang,yangquan-yangquan,yangzhong-yangzhong,yangzhou-yangzhou,yanji-yanji,yanshi-yanshi,yantai-yantai,yibin-yibin,yichang-yichang,yicheng-yicheng,yichun-yichun,yichun-yichun,yidu-yidu,yima-yima,yinchuan-yinchuan,yingcheng-yingcheng,yingde-yingde,yingko-yingko,yingtan-yingtan,yining-yining,yiwu-yiwu,yixing-yixing,yiyang-yiyang,yizheng-yizheng,yizhou-yizhou,yongan-yongan,yongcheng-yongcheng,yongchuan-yongchuan,yongji-yongji,yongkang-yongkang,yongzhou-yongzhou,yuanjiang-yuanjiang,yuanping-yuanping,yucheng-yucheng,yueyang-yueyang,yuhang-yuhang,yulin-yulin,yulin-yulin,yumen-yumen,yuncheng-yuncheng,yunfu-yunfu,yanzhou-yanzhou,yushu-yushu,yuxi-yuxi,yuyao-yuyao,yuzhou-yuzhou,zaoyang-zaoyang,zaozhuang-zaozhuang,zengcheng-zengcheng,zhalantun-zhalantun,zhangjiagang-zhangjiagang,zhangjiajie-zhangjiajie,zhangjiakou-zhangjiakou,zhangping-zhangping,zhangqiu-zhangqiu,zhangshu-zhangshu,zhangye-zhangye,zhangzhou-zhangzhou,zhanjiang-zhanjiang,zhaodong-zhaodong,zhaoqing-zhaoqing,zhaotong-zhaotong,zhaoyuan-zhaoyuan,zhengzhou-zhengzhou,zhenjiang-zhenjiang,zhijiang-zhijiang,zhongshan-zhongshan,zhongxiang-zhongxiang,zhoukou-zhoukou,zhoushan-zhoushan,zhuanghe-zhuanghe,zhucheng-zhucheng,zhuhai-zhuhai,zhuji-zhuji,zhumadian-zhumadian,zhuozhou-zhuozhou,zhuzhou-zhuzhou,zibo-zibo,zigong-zigong,zixing-zixing,ziyang-ziyang,zoucheng-zoucheng,zunhua-zunhua,zunyi-zunyi,hongkongsar-hong kong sar,macao-macao,apartado-apartado,armenia-armenia,barrancabermeja-barrancabermeja,barranquilla-barranquilla,bello-bello,bucaramanga-bucaramanga,buenaventura-buenaventura,cali-cali,cartagena-cartagena,cartago-cartago,cienaga-cienaga,cucuta-cucuta,dosquebradas-dosquebradas,duitama-duitama,envigado-envigado,facatativa-facatativa,florencia-florencia,floridablanca-floridablanca,fusagasuga-fusagasuga,giron-giron,gudalajaradebuga-gudalajara de buga,ibague-ibague,ipiales-ipiales,itagui-itagui,lorica-lorica,magangue-magangue,maicao-maicao,manizales-manizales,medellin-medellin,monteria-monteria,neiva-neiva,palmira-palmira,pasto-pasto,pereira-pereira,piedecuesta-piedecuesta,pitalito-pitalito,popayan-popayan,quibdo-quibdo,riohacha-riohacha,rionegro-rionegro,sanandresdetumaco-san andres de tumaco,bogota,d.c.-bogota, d.c.,santamarta-santa marta,sincelejo-sincelejo,soacha-soacha,sogamoso-sogamoso,soledad-soledad,tulua-tulua,tunja-tunja,turbo-turbo,uribia-uribia,valledupar-valledupar,villavicencio-villavicencio,yopal-yopal,zipaquira-zipaquira,moroni-moroni,brazzaville-brazzaville,pointe,noire-pointe,noire,rarotonga-rarotonga,alajuela-alajuela,alajuelita-alajuelita,desamparados-desamparados,goicoechea-goicoechea,heredia-heredia,launion-la union,limon-limon,pavas-pavas,perezzeledon-perez zeledon,puntarenas-puntarenas,sancarlos-san carlos,sanjose-san jose,pococi-pococi,abidjan-abidjan,bouake-bouake,daloa-daloa,korhogo-korhogo,yamoussoukro-yamoussoukro,osijek-osijek,rijeka-rijeka,split-split,zagreb-zagreb,bayamo-bayamo,camaguey-camaguey,ciegodeavila-ciego de avila,cienfuegos-cienfuegos,guantanamo-guantanamo,holguin-holguin,lahabana-la habana,lastunas-las tunas,matanzas-matanzas,pinardelrio-pinar del rio,sanctispiritus-sancti spiritus,santaclara-santa clara,santiagodecuba-santiago de cuba,brno-brno,hradeckralove-hradec kralove,liberec-liberec,olomouc-olomouc,ustinadlabem-usti nad labem,ostrava-ostrava,plzen-plzen,praha-praha,anju-anju,chongjin-chongjin,haeju-haeju,hamhung-hamhung,huichon-huichon,hyesan-hyesan,jongju-jongju,kaechon-kaechon,kaesong-kaesong,kanggye-kanggye,kimchaek-kim chaek,kusong-kusong,nampho-nampho,phyongsong-phyongsong,pyongyang-pyongyang,rason-rason,sariwon-sariwon,sinuiju-sinuiju,sinpho-sinpho,sunchon-sunchon,wonsan-wonsan,tanchon-tanchon,tokchon-tokchon,alborg-alborg,arhus-arhus,esbjerg-esbjerg,frederiksberg-frederiksberg,kobenhavn-kobenhavn,odense-odense,vejle-vejle,roseau-roseau,azua-azua,bajosdehaina-bajos de haina,bani-bani,bocachica-boca chica,bonao-bonao,higuey-higuey,laromana-la romana,moca-moca,lavega-la vega,losalcarrizos-los alcarrizos,puertoplata-puerto plata,sancristobal-san cristobal,sanfranciscodemacoris-san francisco de macoris,sanjuandelamaguana-san juan de la maguana,sanpedrodemacoris-san pedro de macoris,santiagodeloscaballeros-santiago de los caballeros,santodomingo-santo domingo,santodomingoeast-santo domingo east,santodomingowest-santo domingo west,santodomingonorth-santo domingo north,ambato-ambato,calderon-calderon,cuenca-cuenca,duran-duran,esmeraldas-esmeraldas,guayaquil-guayaquil,ibarra-ibarra,loja-loja,machala-machala,manta-manta,milagro-milagro,portoviejo-portoviejo,quevedo-quevedo,quito-quito,riobamba-riobamba,santaelena-santa elena,babahoyo-babahoyo,santodomingodeloscolorados-santo domingo de los colorados,6thofoctobercity-6th of october city,abokeber-abo keber,akhmim-akhmim,alexandria-alexandria,assyut-assyut,aswan-aswan,banha-banha,beni,suef-beni,suef,bilbes-bilbes,cairo-cairo,damietta-damietta,damanhur-damanhur,el,aresh-el,aresh,el,khosos-el,khosos,desok-desok,el,hwamdia-el,hwamdia,el,mahallael,kubra-el,mahalla el,kubra,el,mataria-el,mataria,faiyum-faiyum,gerga-gerga,giza-giza,ismailia-ismailia,kafr,el,dwar-kafr,el,dwar,kaluop-kaluop,kena-kena,luxer-luxer,malawe-malawe,mansura-mansura,matrouh-matrouh,menia-menia,metghamr-met ghamr,portsaid-port said,ramadan-ramadan,shebin,el,kom-shebin,el,kom,shubra,el,khema-shubra,el,khema,sohag-sohag,suez-suez,tanta-tanta,zagazig-zagazig,alorizah-al orizah,imbaba-imbaba,ahuachapan-ahuachapan,apopa-apopa,ciudaddelgado-ciudad delgado,ilopango-ilopango,mejicanos-mejicanos,santatecla-santa tecla,sanmiguel-san miguel,sansalvador-san salvador,santaana-santa ana,soyapango-soyapango,cuscatancingo-cuscatancingo,sanmartin-san martin,sonsonate-sonsonate,malabo-malabo,asmara-asmara,tallinn-tallinn,tartu-tartu,thorshavn-thorshavn,stanley-stanley,suva-suva,espoo-espoo,helsinki-helsinki,jyvaskyla-jyvaskyla,kuopio-kuopio,lahti-lahti,oulu-oulu,tampere-tampere,turku-turku,vantaa-vantaa,aix,en,provence-aix,en,provence,amiens-amiens,angers-angers,argenteuil-argenteuil,besancon-besancon,bordeaux-bordeaux,boulogne,billancourt-boulogne,billancourt,caen-caen,clermont,ferrand-clermont,ferrand,dijon-dijon,grenoble-grenoble,lehavre-le havre,lemans-le mans,lille-lille,limoges-limoges,lyon-lyon,marseille-marseille,metz-metz,montpellier-montpellier,montreuil-montreuil,mulhouse-mulhouse,nancy-nancy,nantes-nantes,nice-nice,nimes-nimes,orleans-orleans,paris-paris,perpignan-perpignan,reims-reims,rennes-rennes,rouen-rouen,saint,denis-saint,denis,saint,etienne-saint,etienne,strasbourg-strasbourg,toulon-toulon,toulouse-toulouse,tours-tours,villeurbanne-villeurbanne,saint,denis-saint,denis,saint,paul-saint,paul,cayenne-cayenne,papeete-papeete,libreville-libreville,banju-banju,batumi-batumi,kutaisi-kutaisi,rustavi-rustavi,tbilisi-tbilisi,aachen-aachen,augsburg-augsburg,bergischgladbach-bergisch gladbach,berlin-berlin,bielefeld-bielefeld,bochum-bochum,bonn-bonn,bottrop-bottrop,braunschweig-braunschweig,bremen-bremen,bremerhaven-bremerhaven,chemnitz-chemnitz,darmstadt-darmstadt,dortmund-dortmund,dresden-dresden,duisburg-duisburg,dusseldorf-dusseldorf,erfurt-erfurt,erlangen-erlangen,essen-essen,frankfurtammain-frankfurt am main,freiburgimbreisgau-freiburg im breisgau,furth-furth,gelsenkirchen-gelsenkirchen,gottingen-gottingen,hagen-hagen,halle-halle,hamburg-hamburg,hamm-hamm,hannover-hannover,heidelberg-heidelberg,heilbronn-heilbronn,herne-herne,ingolstadt-ingolstadt,jena-jena,karlsruhe-karlsruhe,kassel-kassel,kiel-kiel,koblenz-koblenz,koln-koln,krefeld-krefeld,leipzig-leipzig,leverkusen-leverkusen,lubeck-lubeck,ludwigshafenamrhein-ludwigshafen am rhein,magdeburg-magdeburg,mainz-mainz,mannheim-mannheim,moers-moers,monchengladbach-monchengladbach,mulheimanderruhr-mulheim an der ruhr,munchen-munchen,munster-munster,neuss-neuss,nurnberg-nurnberg,oberhausen-oberhausen,offenbachammain-offenbach am main,oldenburg-oldenburg,osnabruck-osnabruck,paderborn-paderborn,pforzheim-pforzheim,potsdam-potsdam,recklinghausen-recklinghausen,regensburg-regensburg,remscheid-remscheid,reutlingen-reutlingen,rostock-rostock,saarbrucken-saarbrucken,solingen-solingen,stuttgart-stuttgart,trier-trier,ulm-ulm,wiesbaden-wiesbaden,wolfsburg-wolfsburg,wuppertal-wuppertal,wurzburg-wurzburg,cottbus-cottbus,hildesheim-hildesheim,salzgitter-salzgitter,siegen-siegen,gera-gera,kaiserslautern-kaiserslautern,schwerin-schwerin,witten-witten,zwickau-zwickau,accra-accra,kumasi-kumasi,sekondi-sekondi,takoradi-takoradi,tamale-tamale,tema-tema,gibraltar-gibraltar,athinai-athinai,calithea-calithea,iraclion-iraclion,larissa-larissa,patrai-patrai,pesterion-pesterion,pireas-pireas,thessaloniki-thessaloniki,nuuk-nuuk,st.george's-st. george's,basse,terre-basse,terre,pointe,a,pitre-pointe,a,pitre,agana-agana,escuintla-escuintla,cuidaddeguatemala-cuidad de guatemala,mixco-mixco,quetzaltenango-quetzaltenango,villanueva-villa nueva,st.peterport-st. peter port,conakry-conakry,kankan-kankan,kindia-kindia,labe-labe,nzerekore-nzerekore,bissau-bissau,georgetown-georgetown,vaticancity-vatican city,choloma-choloma,laceiba-la ceiba,sanpedrosula-san pedro sula,tegucigalpa-tegucigalpa,budapest-budapest,debrecen-debrecen,gyor-gyor,kecskemet-kecskemet,miskolc-miskolc,nyiregyhaza-nyiregyhaza,pecs-pecs,szeged-szeged,szekesfehervar-szekesfehervar,reykjavik-reykjavik,abohar-abohar,achalpur-achalpur,adilabad-adilabad,adityapur-adityapur,adoni-adoni,agartala-agartala,agra-agra,ahmedabad-ahmedabad,ahmednagar-ahmednagar,aizawl-aizawl,ajmer-ajmer,akola-akola,alandur-alandur,alappuzha-alappuzha,aligarh-aligarh,alipurduar-alipurduar,allahabad-allahabad,alwar-alwar,ambala-ambala,ambalasadar-ambala sadar,ambarnath-ambarnath,ambattur-ambattur,amravati-amravati,amritsar-amritsar,amroha-amroha,anand-anand,anantapur-anantapur,anklesvar-anklesvar,arcot-arcot,arrah-arrah,asansol-asansol,ashoknagarkalyangarh-ashoknagar kalyangarh,aurangabad-aurangabad,avadi-avadi,bahadurgarh-bahadurgarh,baharampur-baharampur,bahraich-bahraich,baidyabati-baidyabati,baleshwar-baleshwar,ballia-ballia,bally-bally,balurghat-balurghat,banda-banda,bangalore-bangalore,bangaon-bangaon,bankura-bankura,bansberia-bansberia,baranagar-baranagar,barasat-barasat,barddhaman-barddhaman,bareilly-bareilly,baripada-baripada,barrackpur-barrackpur,barshi-barshi,basirhat-basirhat,basti-basti,batala-batala,bathinda-bathinda,beawar-beawar,begusarai-begusarai,belgaum-belgaum,bellary-bellary,bettiah-bettiah,bhadravati-bhadravati,bhadreswar-bhadreswar,bhagalpur-bhagalpur,bhalswajahangirpur-bhalswa jahangir pur,bharatpur-bharatpur,bharuch-bharuch,bhatpara-bhatpara,bhavani-bhavani,bhavnagar-bhavnagar,bheemavaram-bheemavaram,bhilainagar-bhilai nagar,bhilwara-bhilwara,bhind-bhind,bhiwandi-bhiwandi,bhiwani-bhiwani,bhopal-bhopal,bhubaneswar-bhubaneswar,bhuj-bhuj,bhusawal-bhusawal,bid-bid,bidar-bidar,bidhannagar-bidhan nagar,bihar-bihar,bijapur-bijapur,bikaner-bikaner,bilaspur-bilaspur,birnagar-birnagar,bokarosteelcity-bokaro steel city,bommanahalli-bommanahalli,botad-botad,brahmapur-brahmapur,budaun-budaun,bulandshahr-bulandshahr,burhanpur-burhanpur,byatarayanapura-byatarayanapura,chakdaha-chakdaha,champdani-champdani,chandannagar-chandan nagar,chandausi-chandausi,chandigarh-chandigarh,chandrapur-chandrapur,chapra-chapra,chennai-chennai,cherthala-cherthala,chhatarpur-chhatarpur,chhindwara-chhindwara,chikmagalur-chikmagalur,chirala-chirala,chirkunda-chirkunda,chitradurga-chitradurga,chittoor-chittoor,churu-churu,coimbatore-coimbatore,coonoor-coonoor,cuddalore-cuddalore,cuddapah-cuddapah,cuttack-cuttack,dallopura-dallo pura,damoh-damoh,darbhanga-darbhanga,darjiling-darjiling,dasarahalli-dasarahalli,davangere-davangere,dehradun-dehradun,dehri-dehri,delhi-delhi,delhicantonment-delhi cantonment,deoghar-deoghar,deoli-deoli,deoria-deoria,dewas-dewas,dhanbad-dhanbad,dharmavaram-dharmavaram,dhule-dhule,dibrugarh-dibrugarh,dinapurnizamat-dinapur nizamat,dindigul-dindigul,dohad-dohad,dumdum-dumdum,durg-durg,durgapur-durgapur,durg,bhilainagar-durg,bhilai nagar,eluru-eluru,englishbazar-english bazar,erode-erode,etah-etah,etawah-etawah,faizabad-faizabad,faridabad-faridabad,farrukhabad,cum,fategarh-farrukhabad,cum,fategarh,fatehpur-fatehpur,firozabad-firozabad,gadag,betgeri-gadag,betgeri,gajuwaka-gajuwaka,gandhidham-gandhidham,gandhinagar-gandhinagar,ganganagar-ganganagar,gangawati-gangawati,gaya-gaya,ghatlodiya-ghatlodiya,ghaziabad-ghaziabad,ghazipur-ghazipur,giridih-giridih,godhra-godhra,gonda-gonda,gondiya-gondiya,gorakhpur-gorakhpur,gudivada-gudivada,gudiyatham-gudiyatham,gulbarga-gulbarga,guna-guna,guntakul-guntakul,guntur-guntur,gurgaon-gurgaon,guruvayur-guruvayur,guwahati-guwahati,gwalior-gwalior,habra-habra,hajipur-hajipur,haldia-haldia,haldwani,cum,kathgodam-haldwani,cum,kathgodam,halisahar-halisahar,hanumangarh-hanumangarh,haora-haora,hapur-hapur,hardoi-hardoi,hardwar-hardwar,hassan-hassan,hathras-hathras,hazaribag-hazaribag,hindupur-hindupur,hisar-hisar,hoshiarpur-hoshiarpur,hospet-hospet,hubli,dharwad-hubli,dharwad,hugli,chinsurah-hugli,chinsurah,hyderabad-hyderabad,ichalakaranji-ichalakaranji,imphal-imphal,indore-indore,itarsi-itarsi,jabalpur-jabalpur,jagadhri-jagadhri,jagdalpur-jagdalpur,jaipur-jaipur,jalandhar-jalandhar,jalgaon-jalgaon,jalna-jalna,jalpaiguri-jalpaiguri,jammu-jammu,jamnagar-jamnagar,jamshedpur-jamshedpur,jamuria-jamuria,jaunpur-jaunpur,jetpurnavagadh-jetpur navagadh,jhansi-jhansi,jhunjhunun-jhunjhunun,jind-jind,jodhpur-jodhpur,jorhat-jorhat,junagadh-junagadh,kaithal-kaithal,kakinada-kakinada,kalol-kalol,kalyan-kalyan,kamarhati-kamarhati,kamptee-kamptee,kancheepuram-kancheepuram,kanchrapara-kanchrapara,kanhangad-kanhangad,kannur-kannur,kanpur-kanpur,kapra-kapra,karaikkudi-karaikkudi,karawalnagar-karawal nagar,karimnagar-karimnagar,karnal-karnal,karur-karur,katihar-katihar,khammam-khammam,khandwa-khandwa,khanna-khanna,kharagpur-kharagpur,khardaha-khardaha,khargone-khargone,kirarisulemannagar-kirari suleman nagar,kishangarh-kishangarh,kochbihar-koch bihar,kochi-kochi,kolar-kolar,kolhapur-kolhapur,kolkata-kolkata,kollam-kollam,korba-korba,kota-kota,kothagudem-kothagudem,kottayam-kottayam,kozhikode-kozhikode,krishnanagar-krishnanagar,krishnarajapura-krishnarajapura,kukatpalle-kukatpalle,kulti-kulti,kumbakonam-kumbakonam,kurnool-kurnool,lalbahadurnagar-lal bahadur nagar,lakhimpur-lakhimpur,lalitpur-lalitpur,latur-latur,loni-loni,lucknow-lucknow,ludhiana-ludhiana,machilipatnam-machilipatnam,madanapalle-madanapalle,madhyamgram-madhyamgram,madurai-madurai,mahadevapura-mahadevapura,mahbubnagar-mahbubnagar,mahesana-mahesana,maheshtala-maheshtala,mainpuri-mainpuri,malappuram-malappuram,malegaon-malegaon,malerkotla-malerkotla,malkajgiri-malkajgiri,mancherial-mancherial,mandsaur-mandsaur,mandya-mandya,mangalore-mangalore,mango-mango,mathura-mathura,maunathbhanjan-maunath bhanjan,medinipur-medinipur,meerut-meerut,mira,bhayandar-mira,bhayandar,mirzapur,cum,vindhyachal-mirzapur,cum,vindhyachal,modinagar-modinagar,moga-moga,moradabad-moradabad,morena-morena,mormugoa-mormugoa,morvi-morvi,motihari-motihari,mughalsarai-mughalsarai,mumbai-mumbai,munger-munger,murwara-murwara,muzaffarnagar-muzaffarnagar,muzaffarpur-muzaffarpur,mysore-mysore,nabadwip-nabadwip,nadiad-nadiad,nagaon-nagaon,nagercoil-nagercoil,nagpur-nagpur,naihati-naihati,nalasopara-nala sopara,nalgonda-nalgonda,nanded-nanded,nandyal-nandyal,nangloijat-nangloi jat,nashik-nashik,navghar,manikpur-navghar,manikpur,navimumbai-navi mumbai,navsari-navsari,neemuch-neemuch,nellore-nellore,newdelhi-new delhi,neyveli-neyveli,nizamabad-nizamabad,noida-noida,northbarrackpur-north barrackpur,northdumdum-north dumdum,ongole-ongole,orai-orai,ozhukarai-ozhukarai,palakkad-palakkad,palanpur-palanpur,pali-pali,pallavaram-pallavaram,palwal-palwal,panchkulaurbanestate-panchkula urban estate,panihati-panihati,panipat-panipat,panvel-panvel,parbhani-parbhani,patan-patan,pathankot-pathankot,patiala-patiala,patna-patna,phagwara-phagwara,phusro-phusro,pilibhit-pilibhit,pimprichinchwad-pimpri chinchwad,pollachi-pollachi,pondicherry-pondicherry,porbandar-porbandar,proddatur-proddatur,pudukkottai-pudukkottai,pune-pune,puri-puri,purnia-purnia,puruliya-puruliya,quthbullapur-quthbullapur,raebareli-rae bareli,raichur-raichur,raiganj-raiganj,raigarh-raigarh,raipur-raipur,rajahmundry-rajahmundry,rajapalayam-rajapalayam,rajarhatgopalpur-rajarhat gopalpur,rajendranagar-rajendranagar,rajkot-rajkot,rajnandgaon-rajnandgaon,rajpursonarpur-rajpur sonarpur,ramagundam-ramagundam,ramgarh-ramgarh,rampur-rampur,ranaghat-ranaghat,ranchi-ranchi,raniganj-raniganj,ratlam-ratlam,raurkela-raurkela,raurkelaindustrialship-raurkela industrialship,rewa-rewa,rewari-rewari,rishra-rishra,robertsonpet-robertson pet,rohtak-rohtak,roorkee-roorkee,s.a.s.nagar-s.a.s. nagar,sagar-sagar,saharanpur-saharanpur,saharasa-saharasa,salem-salem,sambalpur-sambalpur,sambhal-sambhal,sangli,miraj,kupwad-sangli,miraj,kupwad,santipur-santipur,sasaram-sasaram,satara-satara,satna-satna,sawaimadhopur-sawai madhopur,secunderabad-secunderabad,serampore-serampore,serilingampalle-serilingampalle,shahjahanpur-shahjahanpur,shillong-shillong,shimla-shimla,shimoga-shimoga,shivapuri-shivapuri,sikar-sikar,silchar-silchar,siliguri-siliguri,singrauli-singrauli,sirsa-sirsa,sitapur-sitapur,sivakasi-sivakasi,siwan-siwan,solapur-solapur,sonipat-sonipat,southdumdum-south dum dum,srikakulam-srikakulam,srinagar-srinagar,sultanpurmajra-sultan pur majra,sultanpur-sultanpur,surat-surat,surendranagardudhrej-surendranagar dudhrej,tadepalligudem-tadepalligudem,tambaram-tambaram,tenali-tenali,thane-thane,thanesar-thanesar,thanjavur-thanjavur,thiruvananthapuram-thiruvananthapuram,thoothukkudi-thoothukkudi,thrissur-thrissur,tinsukia-tinsukia,tiruchchirappalli-tiruchchirappalli,tirunelveli-tirunelveli,tirupati-tirupati,tiruppur-tiruppur,tiruvannamalai-tiruvannamalai,tiruvottiyur-tiruvottiyur,titagarh-titagarh,tonk-tonk,tumkur-tumkur,udaipur-udaipur,udupi-udupi,ujjain-ujjain,ulhasnagar-ulhasnagar,uluberia-uluberia,unnao-unnao,uppalkalan-uppal kalan,uttarparakotrung-uttarpara kotrung,vadakara-vadakara,vadodara-vadodara,valsad-valsad,vaniyambadi-vaniyambadi,varanasi-varanasi,vasai-vasai,vejalpur-vejalpur,vellore-vellore,veraval-veraval,vidisha-vidisha,vijayawada-vijayawada,virar-virar,visakhapatnam-visakhapatnam,vizianagarm-vizianagarm,wadhwan-wadhwan,warangal-warangal,wardha-wardha,yamunanagar-yamunanagar,yavatmal-yavatmal,gangapurcity-gangapur city,tezpur-tezpur,ambon-ambon,balikpapan-balikpapan,bandaaceh-banda aceh,bandarlampung-bandar lampung,bandjarmasin-bandjarmasin,bandung-bandung,batam-batam,bengkulu-bengkulu,binjai-binjai,bitung-bitung,blitar-blitar,bogor-bogor,cirebon-cirebon,denpasar-denpasar,gorontalo-gorontalo,jakarta-jakarta,jambi-jambi,jayapura-jayapura,kediri-kediri,madiun-madiun,magelang-magelang,makasar-makasar,malang-malang,manado-manado,mataram-mataram,medan-medan,mojokerto-mojokerto,padang-padang,pakalongan-pakalongan,pakanbaru-pakanbaru,palangkaraya-palangkaraya,palembang-palembang,pangkalpinang-pangkal pinang,parepare-pare pare,pasuruan-pasuruan,pematangsiantar-pematang siantar,pontianak-pontianak,probolinggo-probolinggo,salatiga-salatiga,samarinda-samarinda,semarang-semarang,sukabumi-sukabumi,surabaya-surabaya,surakarta-surakarta,tangerang-tangerang,tanjungbalai-tanjung balai,tebingtinggi-tebing tinggi,tegal-tegal,yogyakarta-yogyakarta,abadan-abadan,bam-bam,ahwaz-ahwaz,marand-marand,pakdasht-pakdasht,quchan-quchan,rafsanjan-rafsanjan,saveh-saveh,semnan-semnan,shahinshahr-shahinshahr,shahreza-shahreza,amol-amol,torbat,e,heydariyeh-torbat,e,heydariyeh,andimeshk-andimeshk,arak-arak,ardabil-ardabil,babol-babol,bandar,e,abbas-bandar,e,abbas,birjand-birjand,bojnurd-bojnurd,borujerd-borujerd,bukand-bukand,bushehr-bushehr,dezful-dezful,esfahan-esfahan,fasa-fasa,gonbad,e,kavus-gonbad,e,kavus,gorgan-gorgan,hamadan-hamadan,ilam-ilam,islamshahr-islam shahr,jiroft-jiroft,karaj-karaj,kamalshahr-kamal shahr,kashan-kashan,kerman-kerman,kermanshah-kermanshah,khomeinishahr-khomeini shahr,khoramabad-khoramabad,khoramshahr-khoramshahr,khoy-khoy,mahabad-mahabad,malayer-malayer,maraqeh-maraqeh,marivan-marivan,marvadsht-marvadsht,mashhad-mashhad,masjedsoleyman-masjed soleyman,mohammadshahr-mohammad shahr,miandoab-miandoab,nasimshahr-nasim shahr,shahriar-shahriar,najafabad-najafabad,nazarabad-nazar abad,neyshabur-neyshabur,orumiyeh-orumiyeh,qaemshahr-qaem shahr,qarchak-qarchak,qazvin-qazvin,qods-qods,qom-qom,rasht-rasht,sabzewar-sabzewar,sanandaj-sanandaj,saqez-saqez,sari-sari,shahr,e,kord-shahr,e,kord,shahrud-shahrud,shiraz-shiraz,shoosh-shoosh,sirjan-sirjan,tabriz-tabriz,tehran-tehran,varamin-varamin,yasooj-yasooj,yazd-yazd,zabol-zabol,zahedan-zahedan,zanjan-zanjan,bandar,e,anzali-bandar,e,anzali,bandar,e,mahshahr-bandar,e,mahshahr,behbahan-behbahan,dorud-dorud,golestan-golestan,iranshahr-iranshahr,izeh-izeh,jahrom-jahrom,malard-malard,adhamiyah-adhamiyah,amara-amara,baghdad-baghdad,basra-basra,diwaniya-diwaniya,erbil-erbil,hilla-hilla,kadhimain-kadhimain,karradahsharqiyah-karradah sharqiyah,kerbala-kerbala,kirkuk-kirkuk,kut-kut,majnoon-majnoon,mosul-mosul,najaf-najaf,nasariya-nasariya,ramadi-ramadi,sulamaniya-sulamaniya,cork-cork,dublin-dublin,douglas-douglas,ashdod-ashdod,ashqelon-ashqelon,batyam-bat yam,be'ersheva-be'er sheva,beneberaq-bene beraq,haifa-haifa,holon-holon,jerusalem-jerusalem,netanya-netanya,petahtiqwa-petah tiqwa,ramatgan-ramat gan,rehovot-rehovot,rishonleziyyon-rishon leziyyon,telaviv,yafo-tel aviv,yafo,ancona-ancona,bari-bari,bergamo-bergamo,bologna-bologna,bolzano-bolzano,brescia-brescia,cagliari-cagliari,catania-catania,ferrara-ferrara,firenze-firenze,foggia-foggia,forli-forli,genova-genova,giuglianoincampania-giugliano in campania,latina-latina,livorno-livorno,messina-messina,milano-milano,modena-modena,monza-monza,napoli-napoli,novara-novara,padova-padova,palermo-palermo,parma-parma,perugia-perugia,pescara-pescara,piacenza-piacenza,prato-prato,ravenna-ravenna,reggiodicalabria-reggio di calabria,reggionell'emilia-reggio nell'emilia,rimini-rimini,roma-roma,salerno-salerno,sassari-sassari,siracusa-siracusa,taranto-taranto,terni-terni,torino-torino,trento-trento,trieste-trieste,venezia-venezia,verona-verona,vicenza-vicenza,kingston-kingston,montegobay-montego bay,portmore-portmore,spanishtown-spanish town,abiko-abiko,ageo-ageo,aizuwakamatsu-aizuwakamatsu,akashi-akashi,akishima-akishima,akita-akita,amagasaki-amagasaki,anjo-anjo,aomori-aomori,asahikawa-asahikawa,asaka-asaka,ashikaga-ashikaga,atsugi-atsugi,beppu-beppu,chiba-chiba,chigasaki-chigasaki,chikusei-chikusei,chikushino-chikushino,chofu-chofu,daito-daito,ebetsu-ebetsu,ebina-ebina,fuchu-fuchu,fuji-fuji,fujieda-fujieda,fujimi-fujimi,fujimino-fujimino,fujinomiya-fujinomiya,fujisawa-fujisawa,fukaya-fukaya,fukui-fukui,fukuoka-fukuoka,fukushima-fukushima,fukuyama-fukuyama,funabashi-funabashi,gifu-gifu,habikino-habikino,hachinohe-hachinohe,hachioji-hachioji,hadano-hadano,hakodate-hakodate,hakusan-hakusan,hamamatsu-hamamatsu,hanamaki-hanamaki,handa-handa,hatsukaichi-hatsukaichi,higashihiroshima-higashihiroshima,higashikurume-higashikurume,higashimurayama-higashimurayama,higashiomi-higashiomi,higashiosaka-higashiosaka,hikone-hikone,himeji-himeji,hino-hino,hirakata-hirakata,hiratsuka-hiratsuka,hirosaki-hirosaki,hiroshima-hiroshima,hitachi-hitachi,hitachinaka-hitachinaka,hofu-hofu,ibaraki-ibaraki,ichihara-ichihara,ichikawa-ichikawa,ichinomiya-ichinomiya,ichinoseki-ichinoseki,iida-iida,iizuka-iizuka,ikeda-ikeda,ikoma-ikoma,imabari-imabari,inazawa-inazawa,iruma-iruma,isahaya-isahaya,ise-ise,isehara-isehara,isesaki-isesaki,ishinomaki-ishinomaki,itami-itami,iwaki-iwaki,iwakuni-iwakuni,iwata-iwata,izumi-izumi,izumisano-izumisano,izumo-izumo,joetsu-joetsu,kadoma-kadoma,kagoshima-kagoshima,kakamigahara-kakamigahara,kakegawa-kakegawa,kakogawa-kakogawa,kamagaya-kamagaya,kamakura-kamakura,kanazawa-kanazawa,kanoya-kanoya,kanuma-kanuma,karatsu-karatsu,kariya-kariya,kashihara-kashihara,kashiwa-kashiwa,kasuga-kasuga,kasugai-kasugai,kasukabe-kasukabe,kawachinagano-kawachinagano,kawagoe-kawagoe,kawaguchi-kawaguchi,kawanishi-kawanishi,kawasaki-kawasaki,kazo-kazo,kirishima-kirishima,kiryu-kiryu,kisarazu-kisarazu,kishiwada-kishiwada,kitakyushu-kitakyushu,kitami-kitami,kobe-kobe,kodaira-kodaira,kofu-kofu,koga-koga,koganei-koganei,kokubunji-kokubunji,komaki-komaki,komatsu-komatsu,konosu-konosu,koriyama-koriyama,koshigaya-koshigaya,kuki-kuki,kumagaya-kumagaya,kumamoto-kumamoto,kurashiki-kurashiki,kure-kure,kurume-kurume,kusatsu-kusatsu,kushiro-kushiro,kuwana-kuwana,kyoto-kyoto,machida-machida,maebashi-maebashi,marugame-marugame,matsubara-matsubara,matsudo-matsudo,matsue-matsue,matsumoto-matsumoto,matsusaka-matsusaka,matsuyama-matsuyama,mihara-mihara,minoh-minoh,misato-misato,mishima-mishima,mitaka-mitaka,mito-mito,miyakonojo-miyakonojo,miyazaki-miyazaki,moriguchi-moriguchi,morioka-morioka,musashino-musashino,nagahama-nagahama,nagano-nagano,nagaoka-nagaoka,nagareyama-nagareyama,nagasaki-nagasaki,nagoya-nagoya,naha-naha,nara-nara,narashino-narashino,narita-narita,nasushiobara-nasushiobara,neyagawa-neyagawa,niigata-niigata,niihama-niihama,niiza-niiza,nishinomiya-nishinomiya,nishio-nishio,nishitokyo-nishitokyo,nobeoka-nobeoka,noda-noda,numazu-numazu,obihiro-obihiro,odawara-odawara,ogaki-ogaki,oita-oita,okayama-okayama,okazaki-okazaki,okinawa-okinawa,ome-ome,omuta-omuta,onomichi-onomichi,osaka-osaka,osaki-osaki,oshu-oshu,ota-ota,otaru-otaru,otsu-otsu,oyama-oyama,saga-saga,sagamihara-sagamihara,saijo-saijo,saitama-saitama,sakado-sakado,sakai-sakai,sakata-sakata,saku-saku,sakura-sakura,sanda-sanda,sanjo-sanjo,sano-sano,sapporo-sapporo,sasebo-sasebo,sayama-sayama,sendai-sendai,seto-seto,shibata-shibata,shimada-shimada,shimonoseki-shimonoseki,shizuoka-shizuoka,shunan-shunan,soka-soka,suita-suita,suzuka-suzuka,tachikawa-tachikawa,tajimi-tajimi,takamatsu-takamatsu,takaoka-takaoka,takarazuka-takarazuka,takasaki-takasaki,takatsuki-takatsuki,tama-tama,tochigi-tochigi,toda-toda,tokai-tokai,tokorozawa-tokorozawa,tokushima-tokushima,tokyo-tokyo,tomakomai-tomakomai,tondabayashi-tondabayashi,toride-toride,tottori-tottori,toyama-toyama,toyohashi-toyohashi,toyokawa-toyokawa,toyonaka-toyonaka,toyota-toyota,tsu-tsu,tsuchiura-tsuchiura,tsukuba-tsukuba,tsuruoka-tsuruoka,tsuyama-tsuyama,ube-ube,ueda-ueda,uji-uji,urasoe-urasoe,urayasu-urayasu,uruma-uruma,utsunomiya-utsunomiya,wakayama-wakayama,yachiyo-yachiyo,yaizu-yaizu,yamagata-yamagata,yamaguchi-yamaguchi,yamato-yamato,yao-yao,yatsushiro-yatsushiro,yokkaichi-yokkaichi,yokohama-yokohama,yokosuka-yokosuka,yonago-yonago,zama-zama,iga-iga,satsumasendai-satsumasendai,yokote-yokote,iwatsuki-iwatsuki,muroran-muroran,hoya-hoya,omiya-omiya,shimizu-shimizu,tokuyama-tokuyama,urawa-urawa,st.helier-st. helier,amman-amman,irbid-irbid,russiefa-russiefa,zarqa-zarqa,aktau-aktau,aktobe-aktobe,almaty-almaty,astana-astana,atirau-atirau,ekibastuz-ekibastuz,karaganda-karaganda,koktshetau-koktshetau,kustanai-kustanai,kyzylorda-kyzylorda,pavlodar-pavlodar,petropavlovsk-petropavlovsk,rudni-rudni,semipalatinsk-semipalatinsk,shimkent-shimkent,taldykorgan-taldykorgan,taraz-taraz,temirtau-temirtau,uralsk-uralsk,ust,kamenogorsk-ust,kamenogorsk,eldoret-eldoret,garissa-garissa,kikuyu-kikuyu,kisumu-kisumu,mavoko,athiriver-mavoko,athiriver,mombasa-mombasa,nairobi-nairobi,nakuru-nakuru,ngong-ngong,ruiru-ruiru,thika-thika,tarawa-tarawa,kuwaitcity-kuwait city,jaleebal,shuykh-jaleeb al,shuykh,salmiya-salmiya,bishkek-bishkek,osh-osh,vientiane-vientiane,daugavpils-daugavpils,riga-riga,beirut-beirut,tripoli-tripoli,maseru-maseru,monrovia-monrovia,vaduz-vaduz,kaunas-kaunas,klaipeda-klaipeda,panevezhis-panevezhis,shauliai-shauliai,vilnius-vilnius,luxembourg,ville-luxembourg,ville,antananarivo-antananarivo,antsirabe-antsirabe,fianarantsoa-fianarantsoa,mahajanga-mahajanga,toamasina-toamasina,blantyrecity-blantyre city,lilongwe-lilongwe,airitam-air itam,alorsetar-alor setar,ampang-ampang,ampang,ulukelang-ampang,ulu kelang,balakong-balakong,bandarmaharani-bandar maharani,bandarpenggaram-bandar penggaram,bintulu-bintulu,bt9cheras,sgraya,tmnsuntex-bt9 cheras,sg raya,tmn suntex,bukitmertajam-bukit mertajam,butterworth-butterworth,gelugor-gelugor,georgetown-georgetown,mbipoh-mb ipoh,mbjohorbahru-mb johor bahru,kajangdansungaichua-kajang dan sungai chua,klang-klang,kluang-kluang,mpkotabharu-mp kota bharu,kotakinabalu-kota kinabalu,kualalumpur-kuala lumpur,kualaterengganu-kuala terengganu,kuantan-kuantan,kuching-kuching,kulai-kulai,kulim-kulim,lahaddatu-lahad datu,melaka-melaka,miri-miri,pasirgudang-pasir gudang,petalingjaya-petaling jaya,sandakan-sandakan,sekudai-sekudai,seleyangbaru-seleyang baru,seremban-seremban,shahalam-shah alam,sibu-sibu,subangjaya-subang jaya,sungaiara-sungai ara,sungaipetani-sungai petani,taiping-taiping,tawau-tawau,male-male,valletta-valletta,majuro-majuro,fort,de,france-fort,de,france,nouakchott-nouakchott,beaubassin,rosehill-beau bassin , rose hill,portlouis-port louis,vacoas,phoenix-vacoas , phoenix,acapulco-acapulco,acayucan-acayucan,aguascalientes-aguascalientes,apizaco-apizaco,campeche-campeche,cancun-cancun,celaya-celaya,chalcodediazcovarrubias-chalco de diaz covarrubias,chetumal-chetumal,chicoloapandejuarez-chicoloapan de juarez,chihuahua-chihuahua,chilpacingo-chilpacingo,chimalhuacan-chimalhuacan,ciudadacuna-ciudad acuna,ciudadapodaca-ciudad apodaca,ciudaddevilladealvarez-ciudad de villa de alvarez,ciudaddelcarmen-ciudad del carmen,ciudadgeneralescobedo-ciudad general escobedo,ciudadjuarez-ciudad juarez,ciudadlopezmateos-ciudad lopez mateos,ciudadmadero-ciudad madero,ciudadobregon-ciudad obregon,ciudadsantacatarina-ciudad santa catarina,ciudadvalles-ciudad valles,ciudadvictoria-ciudad victoria,coatzacoalcos-coatzacoalcos,colimas-colimas,cuauhtemoc-cuauhtemoc,cuautitlanizcalli-cuautitlan izcalli,cuautla-cuautla,cuernavaca-cuernavaca,culiacanrosales-culiacan rosales,delicias-delicias,durango-durango,ecatepec-ecatepec,ensenada-ensenada,fresnillo-fresnillo,gomezpalacio-gomez palacio,guadalajara-guadalajara,guadalupe,nuevoleon-guadalupe, nuevo leon,guadalupe,zacatecas-guadalupe, zacatecas,guanajuato-guanajuato,heroicaguaymas-heroica guaymas,hermosillo-hermosillo,hidalgodelparral-hidalgo del parral,iguala-iguala,irapuato-irapuato,ixtapaluca-ixtapaluca,jiutepec-jiutepec,juarez-juarez,lapaz,distritofederal-la paz, distrito federal,lapaz,bajacaliforniasur-la paz, baja california sur,lapiedad-la piedad,lazarocardenas-lazaro cardenas,leon-leon,losmochis-los mochis,manzanillo-manzanillo,matamoros-matamoros,mazatlan-mazatlan,merida-merida,mexicali-mexicali,mexico,ciudadde-mexico, ciudad de,minatitlan-minatitlan,monclova-monclova,monterrey-monterrey,morelia-morelia,moroleon,uriangato-moroleon , uriangato,naucalpandejuarez-naucalpan de juarez,navojoa-navojoa,netzahualcoyotl-netzahualcoyotl,heroicanogales-heroica nogales,nuevolaredo-nuevo laredo,oaxacadejuarez-oaxaca de juarez,ocotlan-ocotlan,orizaba-orizaba,pachuca-pachuca,piedrasnegras-piedras negras,playadelcarmen-playa del carmen,pozaricadehidalgo-poza rica de hidalgo,puebladezaragoza-puebla de zaragoza,puertovallarta-puerto vallarta,queretaro-queretaro,reynosa-reynosa,rioverde,ciudadfernandez-rioverde , ciudad fernandez,salamanca-salamanca,saltillo-saltillo,sancristobaldelascasas-san cristobal de las casas,sanfranciscocoacalco-san francisco coacalco,sanfranciscodelrincon-san francisco del rincon,sanjuanbautistatuxtepec-san juan bautista tuxtepec,sanjuandelrio-san juan del rio,sanluispotosi-san luis potosi,sanluisriocolorado-san luis rio colorado,sanmartintexmelucan-san martin texmelucan,sannicolasdelosgarza-san nicolas de los garza,sanpedrogarzagarcia-san pedro garza garcia,soledaddegracianosanchez-soledad de graciano sanchez,tampico-tampico,tapachula-tapachula,tecoman-tecoman,tehuacan-tehuacan,tepic-tepic,tijuana-tijuana,tlalnepantla-tlalnepantla,tlaquepaque-tlaquepaque,tlaxcala-tlaxcala,toluca-toluca,tonala-tonala,torreon-torreon,tula,tuladeallende-tula, tula de allende,tulancingo,tulancingodebravo-tulancingo, tulancingo de bravo,tuxpan-tuxpan,tuxtlagutierrez-tuxtla gutierrez,uruapan-uruapan,veracruz-veracruz,villanicolasromero-villa nicolas romero,villahermosa-villahermosa,xalapa,enriquez-xalapa,enriquez,xico-xico,zacatecas-zacatecas,zamoradehidalgo-zamora de hidalgo,zapopan-zapopan,palikir-palikir,monaco-monaco,hovsgol-hovsgol,ovorhangay-ovorhangay,ulaanbaatar-ulaanbaatar,podgorica-podgorica,plymouth-plymouth,beira-beira,chimoio-chimoio,maputo-maputo,matola-matola,mocuba-mocuba,nacala-nacala,nampula-nampula,quelimane-quelimane,tete-tete,pathein-pathein,mandalay-mandalay,monywa-monywa,mawlamyine-mawlamyine,naypyitaw-nay pyi taw,bago-bago,dawei-dawei,haka-ha ka,hpa,an-hpa,an,loikaw-loikaw,magway-magway,myitkyina-myitkyina,sittway-sittway,taunggyi-taunggyi,yangon-yangon,windhoek-windhoek,yaren-yaren,bhimdutta-bhimdutta,biratnagar-biratnagar,birgunj-birgunj,butwal-butwal,dhangadhi-dhangadhi,dharan-dharan,kathmandu-kathmandu,pokhara-pokhara,almere-almere,amersfoort-amersfoort,amsterdam-amsterdam,apeldoorn-apeldoorn,arnhem-arnhem,breda-breda,dordrecht-dordrecht,ede-ede,eindhoven-eindhoven,emmen-emmen,enschede-enschede,geleen,sittard-geleen,sittard,groningen-groningen,haarlem-haarlem,haarlemmermeer-haarlemmermeer,heerlen,kerkrade-heerlen,kerkrade,leiden-leiden,maastricht-maastricht,nijmegen-nijmegen,rotterdam-rotterdam,s,gravenhage-s,gravenhage,s,hertogenbosch-s,hertogenbosch,thehague-the hague,tilburg-tilburg,utrecht-utrecht,zaanstad-zaanstad,zoetermeer-zoetermeer,zwolle-zwolle,noumea-noumea,auckland-auckland,christchurch-christchurch,dunedin-dunedin,lowerhutt-lower hutt,napier,hastings-napier,hastings,tauranga-tauranga,wellington-wellington,manukau-manukau,northshore-north shore,waitakere-waitakere,leon-leon,managua-managua,maradi-maradi,niamey-niamey,zinder-zinder,aba-aba,abeokuta-abeokuta,abuja-abuja,ado,ekiti-ado,ekiti,akure-akure,awka-awka,bauchi-bauchi,benincity-benin city,bida-bida,calabar-calabar,damaturu-damaturu,effon,alaiye-effon,alaiye,enugu-enugu,gboko-gboko,gombe-gombe,gusau-gusau,ibadan-ibadan,ife-ife,ijebu,ode-ijebu,ode,ikare-ikare,ikire-ikire,ikorodu-ikorodu,ikotekpene-ikot ekpene,ilawe,ekiti-ilawe,ekiti,ilesha-ilesha,ilorin-ilorin,iseyin-iseyin,iwo-iwo,jimeta-jimeta,jos-jos,kaduna-kaduna,kano-kano,katsina-katsina,lagos-lagos,maiduguri-maiduguri,makurdi-makurdi,minna-minna,mubi-mubi,nnewi-nnewi,ogbomosho-ogbomosho,okene-okene,okpogho-okpogho,ondo-ondo,onitsha-onitsha,oshogbo-oshogbo,owerri-owerri,owo-owo,oyo-oyo,portharcourt-port harcourt,sagamu-sagamu,sangootta-sango otta,sapele-sapele,sokoto-sokoto,suleja-suleja,ugep-ugep,umuahia-umuahia,warri-warri,zaria-zaria,alofi-alofi,garapan-garapan,bergen-bergen,oslo-oslo,stavanger-stavanger,trondheim-trondheim,asseeb-as seeb,assuwayq-as suwayq,bawshar-bawshar,muscat-muscat,mutrah-mutrah,salalah-salalah,sohar-sohar,abbotabad-abbotabad,bahawalnagar-bahawalnagar,bahawalpur-bahawalpur,burewala-burewala,chiniot-chiniot,chishtian-chishtian,dadu-dadu,daska-daska,deraghazikhan-dera ghazi khan,faisalabad-faisalabad,gojra-gojra,gujranwala-gujranwala,gujrat-gujrat,hafizabad-hafizabad,islamabad-islamabad,jacobabad-jacobabad,jaranwala-jaranwala,jhang-jhang,jhelum-jhelum,kamoke-kamoke,karachi-karachi,kasur-kasur,khairpur-khairpur,khanewal-khanewal,khanpur-khanpur,kohat-kohat,lahore-lahore,larkana-larkana,mangora-mangora,mardan-mardan,mirpurkhas-mirpur khas,multan-multan,muridke-muridke,muzaffargharh-muzaffargharh,nawabshah-nawabshah,okara-okara,pakpattan-pakpattan,peshawar-peshawar,quetta-quetta,rahimyarkhan-rahimyar khan,rawalpindi-rawalpindi,sadiqabad-sadiqabad,sahiwal-sahiwal,sargodha-sargodha,shakkarpur-shakkarpur,sheikhupura-sheikhu pura,sialkote-sialkote,sukkur-sukkur,tandoadam-tandoadam,wahcantonment-wah cantonment,koror-koror,portmoresby-port moresby,asuncion-asuncion,capiata-capiata,ciudaddeleste-ciudad del este,fernandodelamora-fernando de la mora,lambare-lambare,luque-luque,sanlorenzo-san lorenzo,arequipa-arequipa,ayacucho-ayacucho,cajamarca-cajamarca,callao-callao,chiclayo-chiclayo,chimbote-chimbote,chinchaalta-chincha alta,cuzco-cuzco,huancayo-huancayo,huanuco-huanuco,ica-ica,huaraz-huaraz,iquitos-iquitos,juliaca-juliaca,lima-lima,pisco-pisco,piura-piura,pucallpa-pucallpa,puno-puno,sullana-sullana,tacna-tacna,tarapoto-tarapoto,trujillo-trujillo,angeles-angeles,angono-angono,antipolo-antipolo,apalit-apalit,arayat-arayat,bacolod-bacolod,bacoorcity-bacoor city,baguio-baguio,baliuag-baliuag,batangas-batangas,bayambang-bayambang,bayawan-bayawan,baybay-baybay,binan-binan,binangonan-binangonan,bocaue-bocaue,butuan-butuan,cabanatuan-cabanatuan,cabuyao-cabuyao,cadiz-cadiz,cagayandeoro-cagayan de oro,cainta-cainta,calamba-calamba,calapan-calapan,calbayog-calbayog,calumpit-calumpit,candaba-candaba,candelaria-candelaria,capas-capas,carcar-carcar,cauayan-cauayan,cavitecity-cavite city,cebu-cebu,concepcion-concepcion,consolacion-consolacion,cotabato-cotabato,dagupan-dagupan,danaocity-danao city,daraga-daraga,dasmarinas-dasmarinas,davao-davao,digos-digos,dipolog-dipolog,dumaguete-dumaguete,gapan-gapan,gen.marianoalvarez-gen. mariano alvarez,generalsantos-general santos,generaltrias-general trias,gingoog-gingoog,glan-glan,guagua-guagua,guimba-guimba,hagonoy-hagonoy,himamaylan-himamaylan,ilagan-ilagan,iligan-iligan,iloilo-iloilo,imuscity-imus city,iriga-iriga,jolo-jolo,kabankalan-kabankalan,kalookan-kalookan,kidapawan-kidapawan,koronadal-koronadal,latrinidad-la trinidad,laoag-laoag,lapu,lapu-lapu,lapu,laspinas-las pinas,legazpi-legazpi,libmanan-libmanan,philippines:ligao-philippines: ligao,liloan-liloan,lipa-lipa,losbanos-los banos,lubao-lubao,lucenacity-lucena city,mabalacat-mabalacat,magalang-magalang,makati-makati,malabalay-malabalay,malabon-malabon,malasiqui-malasiqui,malita-malita,malolos-malolos,mandaluyong-mandaluyong,mandaue-mandaue,manila-manila,marawi-marawi,marikina-marikina,marilao-marilao,mariveles-mariveles,mati-mati,mexico-mexico,meycauayan-meycauayan,midsayap-midsayap,minglanilla-minglanilla,muntinlupa-muntinlupa,naga-naga,naga-naga,nasugbu-nasugbu,navotas-navotas,norzagaray-norzagaray,olongapo-olongapo,ormoc-ormoc,ozamis-ozamis,pagadian-pagadian,panabo-panabo,paranaque-paranaque,pasay-pasay,pasig-pasig,pikit-pikit,plaridel-plaridel,polomolok-polomolok,porac-porac,puertoprincesa-puerto princesa,quezoncity-quezon city,rodriguez-rodriguez,roxas-roxas,sagaycity-sagay city,sancarlos-san carlos,sancarlos-san carlos,sanfernando-san fernando,sanjose-san jose,sanfernando-san fernando,sanjosecity-san jose city,sanjosedelmonte-san jose del monte,sanmateo-san mateo,sanpablo-san pablo,sanpedro-san pedro,santarosa-santa rosa,santiago-santiago,santotomas-santo tomas,santotomas-santo tomas,sariaya-sariaya,silang-silang,silay-silay,sorsogon-sorsogon,surigao-surigao,tabaco-tabaco,tabuk-tabuk,tacloban-tacloban,taguig-taguig,tagum-tagum,talavera-talavera,talisay-talisay,tanauan-tanauan,tanza-tanza,tarlac-tarlac,taytay-taytay,trecemartires-trece martires,tuguegarao-tuguegarao,urdaneta-urdaneta,valencia-valencia,valenzuela-valenzuela,zamboanga-zamboanga,basilan-basilan,adamstown-adamstown,bialystok-bialystok,bielsko,biala-bielsko,biala,bydgoszcz-bydgoszcz,bytom-bytom,chorzow-chorzow,czestochowa-czestochowa,dabrowagornicza-dabrowa gornicza,elblag-elblag,gdansk-gdansk,gdynia-gdynia,gliwice-gliwice,gorzowwielkopolski-gorzow wielkopolski,grudziadz-grudziadz,jastrzebie,zdroj-jastrzebie,zdroj,kalisz-kalisz,katowice-katowice,kielce-kielce,koszalin-koszalin,krakow-krakow,legnica-legnica,lodz-lodz,lublin-lublin,olsztyn-olsztyn,opole-opole,plock-plock,poznan-poznan,radom-radom,rudaslaska-ruda slaska,rybnik-rybnik,rzeszow-rzeszow,slupsk-slupsk,sosnowiec-sosnowiec,szczecin-szczecin,tarnow-tarnow,torun-torun,tychy-tychy,walbrzych-walbrzych,warszawa-warszawa,wloclawek-wloclawek,wroclaw-wroclaw,zabrze-zabrze,zielonagora-zielona gora,amadora-amadora,lisboa-lisboa,porto-porto,braga-braga,coimbra-coimbra,funchal-funchal,vilanovadegaia-vila nova de gaia,setubal-setubal,almada-almada,arecibo-arecibo,bayamon-bayamon,caguas-caguas,carolina-carolina,guaynabo-guaynabo,ponce-ponce,sanjuan-san juan,al,rayyan-al,rayyan,al,khoor-al,khoor,al,wakrah-al,wakrah,doha-doha,busan-busan,daegu-daegu,daejeon-daejeon,gwangju-gwangju,incheon-incheon,seoul-seoul,ulsan-ulsan,icheon-icheon,andong-andong,asan-asan,boryeong-boryeong,bucheon-bucheon,changwon-changwon,cheonan-cheonan,cheongju-cheongju,chuncheon-chuncheon,chungju-chungju,gangneung-gangneung,geoje-geoje,gimcheon-gimcheon,gimhae-gimhae,gimje-gimje,gongju-gongju,goyang-goyang,gumi-gumi,gunpo-gunpo,gunsan-gunsan,gwangmyeong-gwangmyeong,gwangyang-gwangyang,gyeongju-gyeongju,gyeongsan-gyeongsan,iksan-iksan,jecheon-jecheon,jeju-jeju,jeongeup-jeongeup,jeonju-jeonju,jinhae-jinhae,jinju-jinju,masan-masan,miryang-miryang,mokpo-mokpo,nonsan-nonsan,pohang-pohang,sacheon-sacheon,sangju-sangju,seongnam-seongnam,seosan-seosan,suncheon-suncheon,suwon-suwon,tongyeong-tongyeong,uijeongbu-uijeongbu,wonju-wonju,yangsan-yangsan,yeongcheon-yeongcheon,yeongju-yeongju,yeosu-yeosu,balti-balti,chisinau-chisinau,juba-juba,malakal-malakal,wau-wau,saint,denis-saint,denis,saint,paul-saint,paul,arad-arad,bacau-bacau,baiamare-baia mare,botosani-botosani,braila-braila,brasov-brasov,bucuresti-bucuresti,buzau-buzau,cluj,napoca-cluj,napoca,constanta-constanta,craiova-craiova,drobetaturnu,severin-drobeta turnu,severin,focsani-focsani,galati-galati,iasi-iasi,oradea-oradea,piatraneamt-piatra neamt,pitesti-pitesti,ploiesti-ploiesti,rimnicuvilcea-rimnicu vilcea,satu,mare-satu,mare,sibiu-sibiu,suceava-suceava,timisoara-timisoara,tirgu,mures-tirgu,mures,abakan-abakan,achinsk-achinsk,almetievsk-almetievsk,anapa-anapa,angarsk-angarsk,arkhangelsk-arkhangelsk,armavir-armavir,artem-artem,arzamas-arzamas,astrakhan-astrakhan,balakovo-balakovo,balashikha-balashikha,barnaul-barnaul,bataisk-bataisk,belgorod-belgorod,belovo-belovo,berezniki-berezniki,biisk-biisk,blagoveshchensk-blagoveshchensk,bor-bor,bratsk-bratsk,bryansk-bryansk,chaykovsky-chaykovsky,cheboksary-cheboksary,chelyabinsk-chelyabinsk,cherepovets-cherepovets,cherkessk-cherkessk,chita-chita,derbent-derbent,dimitrovgrad-dimitrovgrad,domodedovo-domodedovo,dzerzhinsk-dzerzhinsk,ekaterinburg-ekaterinburg,elektrostal-elektrostal,elets-elets,elista-elista,engels-engels,esentuky-esentuky,groznyi-groznyi,hasaviurt-hasaviurt,irkutsk-irkutsk,ivanovo-ivanovo,izhevsk-izhevsk,kaliningrad-kaliningrad,kaluga-kaluga,kamensk,uralsky-kamensk,uralsky,kamyshin-kamyshin,kaspiysk-kaspiysk,kazan-kazan,kemerovo-kemerovo,khabarovsk-khabarovsk,khimki-khimki,kirov-kirov,kiselevsk-kiselevsk,kislovodsk-kislovodsk,kolomna-kolomna,komsomolsk,na,amure-komsomolsk,na,amure,kopeysk-kopeysk,korolev-korolev,kostroma-kostroma,kovrov-kovrov,krasnodar-krasnodar,krasnogorsk-krasnogorsk,krasnoyarsk-krasnoyarsk,kurgan-kurgan,kursk-kursk,kyzyl-kyzyl,leninsk,kuznetsky-leninsk,kuznetsky,lipetsk-lipetsk,lyubertsy-lyubertsy,magadan-magadan,magnitogorsk-magnitogorsk,maikop-maikop,makhachkala-makhachkala,mezhdurechensk-mezhdurechensk,miass-miass,moskva-moskva,murmansk-murmansk,murom-murom,mytishchi-mytishchi,naberezhnyetchelny-naberezhnye tchelny,nakhodka-nakhodka,naltchik-naltchik,nazran-nazran,neftekamsk-neftekamsk,nefteyugansk-nefteyugansk,nevinnomyssk-nevinnomyssk,nizhnekamsk-nizhnekamsk,nizhnevartovsk-nizhnevartovsk,nizhnynovgorod-nizhny novgorod,nizhnytagil-nizhny tagil,noginsk-noginsk,norilsk-norilsk,novocheboksarsk-novocheboksarsk,novocherkassk-novocherkassk,novokuybishevsk-novokuybishevsk,novokuznetsk-novokuznetsk,novomoskovsk-novomoskovsk,novorossiysk-novorossiysk,novoshakhtinsk-novoshakhtinsk,novosibirsk-novosibirsk,novotroitsk-novotroitsk,novyurengoy-novy urengoy,noyabrsk-noyabrsk,obninsk-obninsk,odintsovo-odintsovo,oktyabrsky-oktyabrsky,omsk-omsk,orekhovo,zuevo-orekhovo,zuevo,orel-orel,orenburg-orenburg,orsk-orsk,penza-penza,perm-perm,pervouralsk-pervouralsk,petropavlovsk,kamchatsky-petropavlovsk,kamchatsky,petrozavodsk-petrozavodsk,podolsk-podolsk,prokopyevsk-prokopyevsk,pskov-pskov,pushkino-pushkino,pyatigorsk-pyatigorsk,rostov,na,donu-rostov,na,donu,rubtsovsk-rubtsovsk,ryazan-ryazan,rybinsk-rybinsk,salavat-salavat,samara-samara,saransk-saransk,sarapyul-sarapyul,saratov-saratov,sergievposad-sergiev posad,serov-serov,serpukhov-serpukhov,severodvinsk-severodvinsk,seversk-seversk,shakhty-shakhty,shchelkovo-shchelkovo,smolensk-smolensk,sochi-sochi,st.petersburg-st. petersburg,staryoskol-stary oskol,stavropol-stavropol,sterlitamak-sterlitamak,surgut-surgut,syktivkar-syktivkar,syzran-syzran,taganrog-taganrog,tambov-tambov,tobolsk-tobolsk,tolyatti-tolyatti,tomsk-tomsk,tula-tula,tver-tver,tyumen-tyumen,ufa-ufa,uhta-uhta,ulan,ude-ulan,ude,ulyanovsk-ulyanovsk,ussuriisk-ussuriisk,velikieluky-velikie luky,velikiynovgorod-velikiy novgorod,vladikavkaz-vladikavkaz,vladimir-vladimir,vladivostok-vladivostok,volgodonsk-volgodonsk,volgograd-volgograd,vologda-vologda,volzhsky-volzhsky,voronezh-voronezh,yakutsk-yakutsk,yaroslavl-yaroslavl,yoshkar,ola-yoshkar,ola,yuzhno,sakhalinsk-yuzhno,sakhalinsk,zheleznodorozhny-zheleznodorozhny,zhukovsky-zhukovsky,zlatoust-zlatoust,gubkin-gubkin,asbest-asbest,glazov-glazov,kansk-kansk,solikamsk-solikamsk,ust,ulimsk-ust,ulimsk,vorkuta-vorkuta,zelenodolsk-zelenodolsk,zheleznogorsk-zheleznogorsk,butare-butare,gitarama-gitarama,kigali-kigali,jamestown-jamestown,basseterre-basseterre,castries-castries,saint,pierre-saint,pierre,kingstown-kingstown,apia-apia,sanmarino-san marino,saotome-sao tome,abha-abha,ad,dammam-ad,dammam,al,hawiyah-al,hawiyah,al,hufuf-al,hufuf,al,jubayl-al,jubayl,al,kharj-al,kharj,al,khubar-al,khubar,al,madinah-al,madinah,al,mubarraz-al,mubarraz,al,qurrayyat-al,qurrayyat,ar'ar-ar'ar,ath,thuqbah-ath,thuqbah,at,ta'if-at,ta'if,buraydah-buraydah,hafaral,batin-hafar al,batin,ha'il-ha'il,jiddah-jiddah,jizan-jizan,khamismushayt-khamis mushayt,makkah-makkah,najran-najran,riyadh-riyadh,sekaka-sekaka,unayzah-unayzah,yanbual,bahr-yanbu al,bahr,dakar-dakar,diourbel-diourbel,guediawaye-guediawaye,kaolack-kaolack,mbour-mbour,pikine-pikine,rufisque-rufisque,saintlouis-saint louis,thies-thies,ziguinchor-ziguinchor,beograd-beograd,cacak-cacak,kragujevac-kragujevac,kraljevo-kraljevo,krusevac-krusevac,leskovac-leskovac,nis-nis,novisad-novi sad,pancevo-pancevo,sabac-sabac,smederevo-smederevo,subotica-subotica,zrenjanin-zrenjanin,victoria-victoria,freetown-freetown,singapore-singapore,bratislava-bratislava,kosice-kosice,ljubljana-ljubljana,maribor-maribor,honiara-honiara,alexandra-alexandra,benoni-benoni,bloemfontein-bloemfontein,boksburg-boksburg,botshabelo-botshabelo,capetown-cape town,durban-durban,germiston-germiston,johannesburg-johannesburg,kathlehong-kathlehong,kemptonpark-kempton park,khayelitsa-khayelitsa,kimberley-kimberley,mangaung-mangaung,pietermaritzburg-pietermaritzburg,portelizabeth-port elizabeth,pretoria-pretoria,roodepoort-roodepoort,soweto-soweto,springs-springs,tembisa-tembisa,umlazi-umlazi,vereeniging-vereeniging,albacete-albacete,alcaladehenares-alcala de henares,alcobendas-alcobendas,alcorcon-alcorcon,algeciras-algeciras,alicante-alicante,almeria-almeria,badajoz-badajoz,badalona-badalona,baracaldo-baracaldo,barcelona-barcelona,bilbao-bilbao,burgos-burgos,cadiz-cadiz,castellondelaplana-castellon de la plana,acoruna-a coruna,donostia,sansebastian-donostia , san sebastian,doshermanas-dos hermanas,elche-elche,fuenlabrada-fuenlabrada,getafe-getafe,gijon-gijon,granada-granada,hospitaletdellobregat-hospitalet de llobregat,huelva-huelva,jaen-jaen,jerezdelafrontera-jerez de la frontera,leganes-leganes,lleida-lleida,logrono-logrono,madrid-madrid,malaga-malaga,marbella-marbella,mataro-mataro,mostoles-mostoles,murcia-murcia,ourense-ourense,oviedo-oviedo,palmademallorca-palma de mallorca,palmasdegrancanaria-palmas de gran canaria,pamplona-pamplona,parla-parla,reus-reus,sabadell-sabadell,sancristobaldelalaguna-san cristobal de la laguna,santacolomadegramanet-santa coloma de gramanet,santacruzdetenerife-santa cruz de tenerife,santander-santander,sevilla-sevilla,tarragona-tarragona,telde-telde,terrassa-terrassa,torrejondeardoz-torrejon de ardoz,torrevieja-torrevieja,valladolid-valladolid,vigo-vigo,vitoria,gasteiz-vitoria,gasteiz,zaragoza-zaragoza,palma-palma,laspalmasdegrancanaria-las palmas de gran canaria,lacoruna-la coruna,colombo-colombo,dehiwala,mountlavinia-dehiwala,mount lavinia,kandy-kandy,moratuwa-moratuwa,negombo-negombo,srijayawardanapurakotte-sri jayawardanapura kotte,gaza-gaza,hebron-hebron,jabalya-jabalya,khanyunis-khan yunis,nablus-nablus,rafah-rafah,paramaribo-paramaribo,mbabane-mbabane,goteborg-goteborg,helsingborg-helsingborg,jonkoping-jonkoping,linkoping-linkoping,malmo-malmo,norrkoping-norrkoping,orebro-orebro,stockholm-stockholm,umea-umea,uppsala-uppsala,vasteras-vasteras,baden,brugg-baden,brugg,bale-bale,berne-berne,fribourg-fribourg,geneve-geneve,lausanne-lausanne,lugano-lugano,luzern-luzern,olten,zofingen-olten,zofingen,st.gallen-st. gallen,winterthur-winterthur,zug-zug,zurich-zurich,dushanbe-dushanbe,khujand-khujand,skopje-skopje,kumanovo-kumanovo,amnatcharoen-amnat charoen,angthong-ang thong,bangkok-bangkok,buriram-buri ram,chachoengsao-chachoengsao,chainat-chai nat,chaiyaphum-chaiyaphum,chanthaburi-chanthaburi,chiangmai-chiang mai,chiangrai-chiang rai,chonburi-chon buri,chumphon-chumphon,kalasin-kalasin,kamphaengphet-kamphaeng phet,kanchanaburi-kanchanaburi,khonkaen-khon kaen,krabi-krabi,lampang-lampang,loei-loei,lopburi-lop buri,lamphun-lamphun,maehongson-mae hong son,mahasarakham-maha sarakham,mukdahan-mukdahan,nakhonnayok-nakhon nayok,nakhonphanom-nakhon phanom,nakhonpathom-nakhon pathom,nakhonratchasima-nakhon ratchasima,nakhonsawan-nakhon sawan,nakhonsithammarat-nakhon si thammarat,nan-nan,narathiwat-narathiwat,nongbualamphu-nong bua lam phu,nongkhai-nong khai,nonthaburi-nonthaburi,pathumthani-pathum thani,pattani-pattani,phatthalung-phatthalung,phangnga-phangnga,phayao-phayao,phetchabun-phetchabun,phetchaburi-phetchaburi,phichit-phichit,phitsanulok-phitsanulok,phranakhonsiayutthaya-phra nakhon si ayutthaya,phrae-phrae,phuket-phuket,prachinburi-prachin buri,prachuapkhirikhan-prachuap khiri khan,ratchaburi-ratchaburi,ranong-ranong,rayong-rayong,roiet-roi et,sakaeo-sa kaeo,sakonnakhon-sakon nakhon,samutprakan-samut prakan,samutsakhon-samut sakhon,samutsongkhram-samut songkhram,saraburi-saraburi,satun-satun,singburi-sing buri,sisaket-si sa ket,songkhla-songkhla,sukhothai-sukhothai,suphanburi-suphan buri,suratthani-surat thani,surin-surin,tak-tak,trat-trat,trang-trang,ubonratchathani-ubon ratchathani,udonthani-udon thani,uttaradit-uttaradit,yasothon-yasothon,uthaithani-uthai thani,yala-yala,sakonsakhon-sakon sakhon,dili-dili,nuku'alofa-nuku'alofa,port,of,spain-port,of,spain,adana-adana,adiyaman-adiyaman,afyonkarahisar-afyonkarahisar,agri-agri,akhisar-akhisar,aksaray-aksaray,alanya-alanya,ankara-ankara,antalya-antalya,aydin-aydin,balikesir-balikesir,bandirma-bandirma,batman-batman,bolu-bolu,bursa-bursa,ceyhan-ceyhan,cizre-cizre,canakkale-canakkale,corlu-corlu,corum-corum,denizli-denizli,diyarbakir-diyarbakir,duzce-duzce,edirne-edirne,elazig-elazig,eregli-eregli,erzurum-erzurum,eskisehir-eskisehir,gaziantep-gaziantep,giresun-giresun,hatay-hatay,inegol-inegol,iskenderun-iskenderun,isparta-isparta,istanbul-istanbul,izmir-izmir,kahramanmaras-kahramanmaras,karabuk-karabuk,karaman-karaman,kayseri-kayseri,kirikkale-kirikkale,kirsehir-kirsehir,kiziltepe-kiziltepe,kocaeli-kocaeli,konya-konya,kutahya-kutahya,luleburgaz-luleburgaz,malatya-malatya,manisa-manisa,mersin-mersin,nazilli-nazilli,nigde-nigde,ordu-ordu,osmaniye-osmaniye,polatli-polatli,rize-rize,sakarya-sakarya,samsun-samsun,sanliurfa-sanliurfa,siirt-siirt,sivas-sivas,siverek-siverek,tarsus-tarsus,tekirdag-tekirdag,tokat-tokat,trabzon-trabzon,turgutlu-turgutlu,usak-usak,van-van,yalova-yalova,zonguldak-zonguldak,ashkhabad-ashkhabad,turkmenabat-turkmenabat,tashauz-tashauz,grandturk-grand turk,funafuti-funafuti,gulu-gulu,kampala-kampala,alchevsk-alchevsk,belayatserkov-belaya tserkov,berdyansk-berdyansk,cherkassy-cherkassy,chernigov-chernigov,chernovtsy-chernovtsy,dneprodzerzhinsk-dneprodzerzhinsk,dnepropetrovsk-dnepropetrovsk,donetsk-donetsk,enakievo-enakievo,evpatoriya-evpatoriya,gorlovka-gorlovka,ivano,frankovsk-ivano,frankovsk,kamyanetskpodilsky-kamyanetsk podilsky,kertch-kertch,kharkov-kharkov,kherson-kherson,khmelnitsky-khmelnitsky,kiev-kiev,kirovograd-kirovograd,kramatorsk-kramatorsk,krasnylutch-krasny lutch,krementchug-krementchug,kryvyrig-kryvy rig,lugansk-lugansk,lutsk-lutsk,lvov-lvov,lysychansk-lysychansk,makeyevka-makeyevka,mariupol-mariupol,melitopol-melitopol,mykolaiv-mykolaiv,nikopol-nikopol,odessa-odessa,pavlograd-pavlograd,poltava-poltava,rivne-rivne,sevastopol-sevastopol,severodonetsk-severodonetsk,simferopol-simferopol,slavyansk-slavyansk,stakhanov-stakhanov,sumy-sumy,ternopol-ternopol,uzhgorod-uzhgorod,vinnutsya-vinnutsya,yevpatoriya-yevpatoriya,zaporozhye-zaporozhye,zhitomir-zhitomir, abudabi-abu dabi,dubai-dubai,aberdeen-aberdeen,aberdeenshire-aberdeenshire,aldershot-aldershot,angus-angus,basildon,northbenfleet-basildon,north benfleet,bedford,kempston-bedford,kempston,belfast-belfast,birkenhead-birkenhead,blackburn,darwen-blackburn,darwen,blackpool-blackpool,bournemouth-bournemouth,brighton,worthing,littlehampton-brighton,worthing,littlehampton,bristol-bristol,burnley,nelson-burnley,nelson,cardiff-cardiff,cheltenham,charltonkings-cheltenham,charlton kings,chesterfield,staveley-chesterfield,staveley,colchester-colchester,coventry,bedworth-coventry,bedworth,crawley-crawley,dearnevalley-dearne valley,derby-derby,doncaster-doncaster,dumfries&galloway-dumfries & galloway,dundee-dundee,eastayrshire-east ayrshire,eastdunbartonshire-east dunbartonshire,eastbourne-eastbourne,edinburgh-edinburgh,exeter-exeter,falkirk-falkirk,fife-fife,glasgow-glasgow,gloucester-gloucester,grimsby,cleethorpes-grimsby,cleethorpes,hastings,bexhill-hastings,bexhill,highwycombe-high wycombe,highland-highland,ipswich-ipswich,kingston,upon,hull-kingston,upon,hull,leicester-leicester,lincoln-lincoln,liverpool-liverpool,london-london,luton,dunstable-luton,dunstable,manchester-manchester,mansfield-mansfield,miltonkeynes-milton keynes,newport-newport,northayrshire-north ayrshire,northlanarkshire-north lanarkshire,northampton-northampton,norwich-norwich,nottingham-nottingham,nuneaton-nuneaton,oxford-oxford,perth&kinross-perth & kinross,plymouth-plymouth,portsmouth-portsmouth,preston-preston,reading,wokingham-reading,wokingham,renfrewshire-renfrewshire,scottishborders-scottish borders,sheffield-sheffield,slough-slough,southayrshire-south ayrshire,southlanarkshire-south lanarkshire,southampton-southampton,southend-southend,southport,formby-southport,formby,st.albans,hatfield-st. albans,hatfield,sunderland-sunderland,swansea-swansea,swindon-swindon,teesside-teesside,telford-telford,thanet-thanet,themedwaytowns-the medway towns,thepotteries-the potteries,torbay-torbay,tyneside-tyneside,warrington-warrington,westlothian-west lothian,westmidlands-west midlands,westyorkshire-west yorkshire,wigan-wigan,york-york,arusha-arusha,daressalaam-dar es salaam,dodoma-dodoma,mbeya-mbeya,morogoro-morogoro,mwanza-mwanza,shinyanga-shinyanga,tanga-tanga,zanzibar-zanzibar,abilene-abilene,akron-akron,albuquerque-albuquerque,alexandria-alexandria,allentown-allentown,amarillo-amarillo,anaheim-anaheim,anchorage-anchorage,annarbor-ann arbor,antioch-antioch,arlington-arlington,arvada-arvada,athens-athens,atlanta-atlanta,augusta-augusta,aurora-aurora,aurora-aurora,austin-austin,bakersfield-bakersfield,baltimore-baltimore,batonrouge-baton rouge,beaumont-beaumont,bellevue-bellevue,berkeley-berkeley,billings-billings,birmingham-birmingham,boisecity-boise city,boston-boston,boulder-boulder,bridgeport-bridgeport,brownsville-brownsville,buffalo-buffalo,burbank-burbank,carlsbad-carlsbad,cambridge-cambridge,capecoral-cape coral,carrollton-carrollton,cary-cary,cedarrapids-cedar rapids,centennial-centennial,chandler-chandler,charleston-charleston,charlotte-charlotte,chattanooga-chattanooga,chesapeake-chesapeake,chicago-chicago,chulavista-chula vista,cincinnati-cincinnati,clarksville-clarksville,clearwater-clearwater,cleveland-cleveland,coloradosprings-colorado springs,columbia-columbia,columbia-columbia,columbus-columbus,columbus-columbus,concord-concord,coralsprings-coral springs,corona-corona,corpuschristi-corpus christi,costamesa-costa mesa,dallas-dallas,dalycity-daly city,davenport-davenport,dayton-dayton,denton-denton,denver-denver,desmoines-des moines,detroit-detroit,downey-downey,durham-durham,elmonte-el monte,elpaso-el paso,elgin-elgin,elizabeth-elizabeth,elkgrove-elk grove,erie-erie,escondido-escondido,eugene-eugene,evansville-evansville,everett-everett,fairfield-fairfield,fargo-fargo,fayetteville-fayetteville,flint-flint,fontana-fontana,fortcollins-fort collins,fortlauderdale-fort lauderdale,fortwayne-fort wayne,fortworth-fort worth,fremont-fremont,fresno-fresno,frisco-frisco,fullerton-fullerton,gainesville-gainesville,gardengrove-garden grove,garland-garland,gilbert-gilbert,glendale-glendale,glendale-glendale,grandprairie-grand prairie,grandrapids-grand rapids,greenbay-green bay,greensboro-greensboro,gresham-gresham,hampton-hampton,hartford-hartford,hayward-hayward,henderson-henderson,hialeah-hialeah,highpointcity-high point city,hollywood-hollywood,urbanhonolulu-urban honolulu,houston-houston,huntingtonbeach-huntington beach,huntsville-huntsville,independence-independence,indianapolis-indianapolis,inglewood-inglewood,irvine-irvine,irving-irving,jackson-jackson,jacksonville-jacksonville,jerseycity-jersey city,joliet-joliet,kansascity-kansas city,kansascity-kansas city,killeen-killeen,knoxville-knoxville,lafayette-lafayette,lakewood-lakewood,lancaster-lancaster,lansing-lansing,laredo-laredo,lasvegas-las vegas,lexington,fayette-lexington,fayette,lincoln-lincoln,littlerock-little rock,longbeach-long beach,losangeles-los angeles,louisville-louisville,lowell-lowell,lubbock-lubbock,madison-madison,manchester-manchester,mcallen-mcallen,mckinneycity-mckinney city,memphis-memphis,mesa-mesa,mesquite-mesquite,miami-miami,miamigardens-miami gardens,midlandcity-midland city,milwaukee-milwaukee,minneapolis-minneapolis,miramar-miramar,mobile-mobile,modesto-modesto,montgomery-montgomery,morenovalley-moreno valley,murrieta-murrieta,murfreesboro-murfreesboro,naperville-naperville,nashville,davidson-nashville,davidson,newhaven-new haven,neworleans-new orleans,newyork-new york,newark-newark,newportnews-newport news,norfolk-norfolk,norman-norman,northcharleston-north charleston,northlasvegas-north las vegas,norwalk-norwalk,oakland-oakland,oceanside-oceanside,odessa-odessa,oklahomacity-oklahoma city,olathe-olathe,omaha-omaha,ontario-ontario,orange-orange,orlando-orlando,overlandpark-overland park,oxnard-oxnard,palmdale-palmdale,palmbaycity-palm bay city,pasadena-pasadena,pasadena-pasadena,paterson-paterson,pembrokepines-pembroke pines,peoria-peoria,peoria-peoria,philadelphia-philadelphia,phoenix-phoenix,pittsburgh-pittsburgh,plano-plano,pomona-pomona,pompanobeach-pompano beach,portst.lucie-port st. lucie,portland-portland,providence-providence,provo-provo,pueblo-pueblo,raleigh-raleigh,ranchocucamonga-rancho cucamonga,reno-reno,rialto-rialto,richardson-richardson,richmond-richmond,richmond-richmond,riverside-riverside,rochester-rochester,rochester-rochester,rockford-rockford,roseville-roseville,roundrock-round rock,sacramento-sacramento,salem-salem,salinas-salinas,saltlakecity-salt lake city,sanantonio-san antonio,sanbernardino-san bernardino,sanbuenaventura-san buenaventura,sandiego-san diego,sanfrancisco-san francisco,sanjose-san jose,santaana-santa ana,santaclara-santa clara,santaclarita-santa clarita,santamaria-santa maria,santarosa-santa rosa,savannah-savannah,scottsdale-scottsdale,seattle-seattle,shreveport-shreveport,simivalley-simi valley,siouxfalls-sioux falls,southbend-south bend,spokane-spokane,springfield-springfield,springfield-springfield,springfield-springfield,st.louis-st. louis,st.paul-st. paul,st.petersburg-st. petersburg,stamford-stamford,sterlingheights-sterling heights,stockton-stockton,sunnyvale-sunnyvale,surprise-surprise,syracuse-syracuse,tacoma-tacoma,tallahassee-tallahassee,tampa-tampa,temecula-temecula,tempe-tempe,thornton-thornton,thousandoaks-thousand oaks,toledo-toledo,topeka-topeka,torrance-torrance,tucson-tucson,tulsa-tulsa,vallejo-vallejo,vancouver-vancouver,victorvillecity-victorville city,virginiabeach-virginia beach,visalia-visalia,waco-waco,warren-warren,washington-washington,waterbury-waterbury,westcovina-west covina,westjordan-west jordan,westpalmbeach-west palm beach,westvalleycity-west valley city,westminster-westminster,wichita-wichita,wichitafalls-wichita falls,wilmington-wilmington,winston,salem-winston,salem,worcester-worcester,yonkers-yonkers,arlington-arlington,brandon-brandon,eastlosangeles-east los angeles,enterprise-enterprise,metairie-metairie,paradise-paradise,springvalley-spring valley,sunrisemanor-sunrise manor,lewisville-lewisville,portsmouth-portsmouth,gary-gary,livonia-livonia,charlotteamalie-charlotte amalie,montevideo-montevideo,almalyk-almalyk,andizhan-andizhan,angren-angren,banjzak-banjzak,bukhara-bukhara,chirchik-chirchik,fergana-fergana,karshi-karshi,kokand-kokand,margilan-margilan,namangan-namangan,navoi-navoi,nukus-nukus,samarkand-samarkand,tashkent-tashkent,termez-termez,urgentch-urgentch,portvila-port vila,acarigua,araure-acarigua,araure,anaco-anaco,barcelona,puertolacruz-barcelona,puerto la cruz,barinas-barinas,barquisimeto-barquisimeto,baruta-baruta,cabimas-cabimas,cagua-cagua,caracas-caracas,carora-carora,carupano-carupano,catialamar-catia la mar,ciudadbolivar-ciudad bolivar,ciudadguayana-ciudad guayana,ciudadojeda-ciudad ojeda,coro-coro,cua-cua,cumana-cumana,elsilencio-el silencio,eltigre-el tigre,guanare-guanare,guarenas-guarenas,guacara-guacara,guatire-guatire,losguayos-los guayos,losteques-los teques,maracaibo-maracaibo,maracay-maracay,maturin-maturin,naguanagua-naguanagua,ocumaredeltuy-ocumare del tuy,petare-petare,pozuelos-pozuelos,puertocabello-puerto cabello,puertolacruz-puerto la cruz,puntofijo-punto fijo,sanfernandodeapure-san fernando de apure,sanfrancisco-san francisco,santalucia-santa lucia,tariba-tariba,tocuyito-tocuyito,turmero-turmero,valera-valera,meta,utu-meta,utu,adan-adan,sana'a-sana'a,al,hudaydah-al,hudaydah,al,mukalla-al,mukalla,ibb-ibb,ta'izz-ta'izz,chingola-chingola,chipata-chipata,kabwe-kabwe,kasama-kasama,kitwe-kitwe,livingstone-livingstone,luanshya-luanshya,lusaka-lusaka,mufulira-mufulira,ndola-ndola,bulawayo-bulawayo,chitungwiza-chitungwiza,gweru-gweru,harare-harare,mutare-mutare,null-null,based-based,